分類番号,所在区,分類,施設名,所在地,電話番号,利用定員*は別途1号定員あり,受入開始年齢,卒園年齢,保育標準時間(11時間) 開始,保育標準時間(11時間) 終了,保育短時間(8時間) 開始,保育短時間(8時間) 終了,延長保育 開始,延長保育 終了,一時保育,HP,緯度,経度
4,東灘,連こ,幼保連携型認定こども園　聖ニコラス天使園,北青木4-1-37,412-6080,*90,生後6か月,5歳児クラス,7時,~18時,8時半,~16時半,7時,19時,○,https://www.higashinada-kosodate.jp/creche/detail531.html,34.717302,135.280305
4,東灘,連こ本,幼保連携型認定こども園　神戸夢,住吉宮町1-2-27,858-9614,80,生後6か月,2歳児クラス,7時,~18時,8時半,~16時半,7時,19時,○,https://www.yumekoubou.or.jp/hoikuen/yume/,34.712658,135.265014
4,東灘,連こ分,遊喜分園,住吉宮町1-8-8,858-9610,*120,3歳児クラス,5歳児クラス,7時,~18時,8時半,~16時半,7時,19時,○,https://www.yumekoubou.or.jp/hoikuen/yume/,34.712766,135.2633715
4,東灘,連こ,幼保連携型認定こども園　石屋川くるみ保育園,御影塚町2-22-19,842-4152,*70,生後57日,5歳児クラス,7時,~18時,8時半,~16時半,7時,19時,○,https://ishiyagawa-k.sakuradani-fukushikai.com/,34.712388,135.247311
4,東灘,連こ,幼保連携型認定こども園　本山北町あすのこども園,本山北町3-2-28,441-1905,*150,生後6か月,5歳児クラス,7時,~18時,9時,~17時,7時,20時,,https://hyogo-hoiku.jp/category/motoyamakita,34.72776,135.2804985
4,東灘,連こ,認定こども園　魚崎COCORO,魚崎西町2-4-1,858-5561,*120,生後6か月,5歳児クラス,7時,~18時,9時,~17時,7時,19時,○,https://www.cocoro-hoikuen.com/nursery/cocoro.html,34.710336,135.2682315
4,東灘,連こ,幼保連携型認定こども園　きらり保育園,本庄町1-3-1,412-0415,*100,生後6か月,5歳児クラス,7時,~18時,8時半,~16時半,7時,19時,○,http://www.akatsuki.or.jp/kirari.html,34.726293,135.2941335
4,東灘,連こ,幼保連携型認定こども園　きたおおぎこども園,北青木1-1-2,411-5421,*130,生後6か月,5歳児クラス,7時,~18時,8時半,~16時半,7時,19時,,https://www.higashinada-kosodate.jp/creche/detail151.html,34.721019,135.2868525
4,東灘,連こ,認定こども園　松蔭おかもと保育園,岡本7-3-14,262-1150,*60,生後6か月,5歳児クラス,7時,~18時,8時半,~16時半,7時,19時,○,http://www.shoin-hoikuen.net/profile/gaiyo.html,34.728849,135.27171
4,東灘,連こ,幼保連携型認定こども園　第２きらり保育園,深江本町1-13-25,411-2003,*72,生後6か月,5歳児クラス,7時,~18時,8時半,~16時半,7時,19時,○,http://www.akatsuki.or.jp/dainikirari.html,34.72568526,135.2992122
4,東灘,連こ,幼保連携型認定こども園　同朋住吉台こども園,住吉台25-7,846-6011,*40,生後6か月,5歳児クラス,7時,~18時,8時,~16時,7時,19時,○,http://sumiyoshidai.doho.or.jp/information.html,34.738641,135.2568375
4,東灘,連こ,幼保連携型認定こども園　甲南すこやかこども園,魚崎北町2-10-10,453-4152,*90,生後6か月,5歳児クラス,7時,~18時,9時,~17時,7時,18時半,○,http://www.sukoyakakai.jp/top.shtml,34.718211,135.2745855
4,東灘,連こ,幼保連携型認定こども園　モーツァルトこども園,本山南町8-3-3,431-3111,*90,生後6か月,5歳児クラス,7時,~18時,8時半,~16時半,7時,19時,○,http://kodomoen.com/,34.72299,135.2817945
4,東灘,連こ,認定こども園　あおい宙,本山南町7-5-21,441-2444,*90,生後6か月,5歳児クラス,7時,~18時,9時,~17時,7時,19時,○,http://www.aoisora-ufo.com/outline/gaiyo.html,34.725294,135.2853765
4,東灘,連こ,幼保連携型認定こども園　甲南こども園,森南町3-1-4,441-8345,*60,生後6か月,5歳児クラス,7時,~18時,9時,~17時,7時,19時,○,https://konan-hoikuen.net/kodomoen/index.html,34.727589,135.28944
4,東灘,連こ本,光の子認定こども園,向洋町中2-3,857-1577,*213,1歳児クラス,5歳児クラス,7時,~18時,8時,~16時,7時,20時,○,http://www.hikarinoko-nursery.jp/index.html,34.68915,135.271773
4,東灘,連こ分,マナ分園,向洋町中5-13,811-1132,20,生後6か月,1歳児クラス,7時,~18時,8時,~16時,7時,19時,,http://www.hikarinoko-nursery.jp/,34.691319,135.2677095
4,東灘,連こ,幼保連携型認定こども園　ふかえ虹こども園　,深江本町4-1-12,413-4124,*90,生後6か月,5歳児クラス,7時,~18時,8時半,~16時半,7時,19時,○,https://hinode.or.jp/establishment/fukaeniji/,34.721217,135.290763
4,東灘,連こ,幼保連携型認定こども園　おかもと虹こども園,岡本3-2-6,412-2262,*70,生後6か月,5歳児クラス,7時,~18時,8時半,~16時半,7時,19時,○,https://hinode.or.jp/establishment/okamotoniji/,34.72539085,135.2723227
4,東灘,連こ,幼保連携型認定こども園　茅渟の浦幼稚園,鴨子ヶ原3-17-27,851-4142,*30,1歳児クラス,5歳児クラス,7時半,~18時半,9時,~17時,7時半,18時半,○,http://www2.chinu.ed.jp/~chinu/chinu/,34.733268,135.2481975
4,東灘,連こ,幼保連携型認定こども園　渦が森幼稚園,渦森台1-8-1,841-7189,*40　内ステーション利用者枠21,1歳児クラス,5歳児クラス,7時半,~18時半,9時,~17時,7時半,18時半,○,http://www2.chinu.ed.jp/~chinu/uzu/index.html,34.739091,135.2515995
4,東灘,連こ,うずがもり送迎ステーション,御影中町1-1-10,846-8555,21,3歳児クラス,5歳児クラス,7時,~18時,9時,~17時,7時,19時,,https://www.city.kobe.lg.jp/a36812/kosodate/hoikusyo/sougeistkaisetsu/sougeistkaisetsu.html,34.714338,135.258636
4,東灘,連こ,認定こども園　岡本ハーベストこども園,岡本1-11-5,413-0415,90,生後6か月,5歳児クラス,7時,~18時,8時半,~16時半,7時,19時,○,http://www.harvest-school.com/okamoto-hoikuen/top.html,34.728543,135.275562
4,東灘,連こ,幼保連携型認定こども園　ブルーノの森保育園,北青木2-9-24,411-8048,*80,生後6か月,5歳児クラス,7時半,~18時半,9時,~17時,7時,19時,○,http://www2.aoitori.ed.jp/~aoitori/blueno/,34.720713,135.282411
4,東灘,連こ,幼保連携型認定こども園　同朋わくわく園,魚崎南町7-2-18,452-0707,90,生後6か月,5歳児クラス,7時,~18時,8時半,~16時半,7時,19時,○,,34.713451,135.275453
4,東灘,連こ,幼保連携型認定こども園　ザ・ブルーノ,本山南町4-3-4,452-2220,60,1歳児クラス,5歳児クラス,7時,~18時,9時,~17時,7時,19時,○,,34.720785,135.279036
4,東灘,幼こ,認定こども園　夢の星幼稚園,向洋町中3-1-3,857-3166,*30,3歳児クラス,5歳児クラス,7時半,~18時半,8時,~16時,7時半,18時半,,http://www.yumenohoshi.ed.jp/,34.687107,135.2751795
3,東灘,公保,魚崎保育所,魚崎南町2-11-11,411-4354,116,生後6か月,5歳児クラス,7時半,~18時半,8時半,~16時半,7時,19時,,https://www.higashinada-kosodate.jp/creche/detail137.html,34.712217,135.277155
3,東灘,公保,東灘本庄保育所,青木4-1-32,431-3539,117,生後6か月,5歳児クラス,7時半,~18時半,8時半,~16時半,7時,18時半,,http://www.higashinada-kosodate.jp/creche/detail144.html,34.720227,135.288981
3,東灘,公保,御影保育所,御影中町4-1-8,811-3780,120,生後6か月,5歳児クラス,7時半,~18時半,8時半,~16時半,7時,19時,,http://www.higashinada-kosodate.jp/creche/detail145.html,34.717545,135.2549475
3,東灘,公保,本山保育所,岡本1-7-6,451-0567,142,生後6か月,5歳児クラス,7時半,~18時半,8時半,~16時半,7時,19時,○,https://www.higashinada-kosodate.jp/creche/detail146.html,34.728147,135.276588
3,東灘,公保,渦森台保育所,渦森台1-13-1,841-6390,63,生後6か月,5歳児クラス,7時半,~18時半,8時半,~16時半,7時,18時半,,https://www.higashinada-kosodate.jp/creche/detail138.html,34.739397,135.2512665
3,東灘,公保,中野保育所,本山南町1-3-3,453-2664,120,生後6か月,5歳児クラス,7時半,~18時半,8時半,~16時半,7時,19時,○,https://www.higashinada-kosodate.jp/creche/detail142.html,34.723854,135.28863
3,東灘,公保,瀬戸保育所,魚崎南町6-5-26,453-2663,138,生後6か月,5歳児クラス,7時半,~18時半,8時半,~16時半,7時,19時,,https://www.higashinada-kosodate.jp/creche/detail140.html,34.715079,135.278343
3,東灘,公保,田中保育所,田中町4-11-22,452-3181,100,生後6か月,5歳児クラス,7時半,~18時半,8時半,~16時半,7時,19時,,http://www.higashinada-kosodate.jp/creche/detail141.html,34.722729,135.2700225
3,東灘,公保,浜御影保育所,御影本町6-5-7,821-9571,90,生後6か月,5歳児クラス,7時半,~18時半,8時半,~16時半,7時,19時,,http://www.higashinada-kosodate.jp/creche/detail143.html,34.712559,135.255456
3,東灘,公保,住吉公園保育所,住吉宮町3-4-23,851-3738,120,生後6か月,5歳児クラス,7時半,~18時半,8時半,~16時半,7時,19時,○,https://www.higashinada-kosodate.jp/creche/detail139.html,34.716249,135.261252
3,東灘,保,ベネッセ 本山保育園,甲南町1-1-35　アージュデュオ本山100号室,412-7170,60,生後6か月,5歳児クラス,7時半,~18時半,8時,~16時,7時,20時,○,https://hoiku.benesse-style-care.co.jp/facilities/area_hyogo/kobe/h-motoyama/,34.722405,135.2778975
3,東灘,保,親和保育園,住吉本町3-8-17,846-4701,90,生後6か月,5歳児クラス,7時,~18時,8時半,~16時半,7時,19時,○,http://www2.shinwa-n.ed.jp/~shinwa/shinwa/,34.724637,135.2585925
3,東灘,保,高羽西岡本保育園,西岡本2-25-4-102,436-7885,20,1歳児クラス,3歳児クラス,7時半,~18時半,8時半,~16時半,7時,19時,○,https://takaha-youchien.ed.jp/nursery/index.html,34.724034,135.2648655
3,東灘,保本,甲南山手保育園,本庄町1-10-2,441-0003,69,生後6か月,5歳児クラス,7時半,~18時半,8時半,~16時半,7時,19時,○,http://hoiku.konan-yamate.jp/,34.727949,135.2940975
3,東灘,保分,ひだまり分園,深江北町3-11-17,411-5000,33,生後6か月,2歳児クラス,7時半,~18時半,8時半,~16時半,7時,19時,○,,34.724887,135.292455
3,東灘,保,御影のどか保育園,御影3-28-1,851-6261,90,生後6か月,5歳児クラス,7時,~18時,9時,~17時,7時,19時,○,https://nodoka-cg.com/,34.72227,135.246168
3,東灘,保本,住吉むつみ保育園,住吉宮町7-2-35,843-6230,120,1歳児クラス,5歳児クラス,7時,~18時,8時半,~16時半,7時,19時,○,http://mutsumi-hoikuen.com/index.html,34.718292,135.2590245
3,東灘,保分,分園,住吉本町2-3-9　2階,843-6232,10,生後6か月,0歳児クラス,7時,~18時,8時半,~16時半,7時,19時,,http://mutsumi-hoikuen.com/,34.719705,135.259803
3,東灘,保,ABCみかげ保育園,御影本町6-1-15,856-5158,60,生後6か月,5歳児クラス,7時,~18時,8時半,~16時半,7時,19時,○,http://www.sengaminekai.or.jp/mikage/,34.71129,135.2556045
3,東灘,保,神戸住吉保育園,住吉宮町6-1-23,858-6080,80,生後6か月,5歳児クラス,7時,~18時,8時,~16時,7時,19時,○,http://www.katsuhara.or.jp/publics/index/38/,34.715358,135.260901
3,東灘,保,アイテラス保育園　甲南山手園,森南町1-6-16,414-7280,44,生後6か月,5歳児クラス,7時,~18時,8時半,~16時半,7時,19時,○,https://hoiku.kaisei-group.co.jp/list/detail.php?seq=18,34.729065,135.293346
3,東灘,保,あおい宙東灘保育園,田中町3丁目2-3,451-1112,60,生後6か月,5歳児クラス,7時,~18時,9時,~17時,7時,19時,○,http://aoisora-higashinada.com/,34.722495,135.273258
3,東灘,保,御影COCORO保育園,御影石町1-2-18,822-1234,45,生後6か月,5歳児クラス,7時,~18時,9時,~17時,7時,19時,○,https://www.cocoro-hoikuen.com/nursery/mikage.html,34.709031,135.2520585
3,東灘,保,石屋川COCORO保育園,御影石町3-7-24　※石屋川公園内（石屋川駅北側すぐ）,855-2150,60,生後6か月,5歳児クラス,7時,~18時,9時,~17時,7時,19時,○,https://www.cocoro-hoikuen.com/nursery/ishiyagawa.html,34.713615,135.24983
3,東灘,保,コープこうべの保育園　どんぐりっこすみよし,住吉東町4－6－5,845-9132,50,生後6か月,5歳児クラス,7時半,~18時半,8時半,~16時半,7時,19時,○,https://ck.coop-kobe.net/hoikuen/sumiyoshi/index.php,34.718489,135.264181
5,東灘,家,澤田　赤ちゃんホーム,御影石町2-11-5,※,5,生後7週目～満1歳未満,0歳児クラス,-,-,8時,~16時,8時,17時半,,https://kobe-city.mamafre.jp/archives/nursery/澤田%e3%80%80赤ちゃんホーム/,34.712577,135.25245
5,東灘,家,中村　赤ちゃんホーム,岡本8,※,4,生後7週目～満1歳未満,0歳児クラス,-,-,8時,~16時,8時,17時半,,https://okamotokidshouse.com/,34.72876691,135.2704026
5,東灘,小,あすの乳児ルーム,本山南町8-6-26　東神戸センタービル2Ｆ,413-6602,19,生後6か月～満3歳未満,2歳児クラス,-,~18時半,8時半,~16時半,7時半,19時,,https://hyogo-hoiku.jp/category/kobe,34.724187,135.28161
5,東灘,小,小規模保育園　ハピネスファミリー,向洋町中5-15 リバーモールウエスト2F,862-3983,12,生後6か月～満3歳未満,2歳児クラス,-,~18時半,8時半,~16時半,7時半,19時,○,https://hapifami.net/,34.6905,135.2681685
5,東灘,小,茶屋本庄園,本庄町1-8-13 オルテンシアKOBE1F,413-3336,12,生後6か月～満3歳未満,2歳児クラス,-,~18時半,8時半,~16時半,7時半,19時,○,http://www.ashiya-chaya.com/facility02/index.html,34.727373,135.295164
5,東灘,小,キッズクラブ本山南,本山南町8-6-26 東神戸センタービル2Ｆ,411-1060,19,生後6か月～満3歳未満,2歳児クラス,-,~18時半,8時,~16時,7時,19時,○,http://meirinkai.or.jp/kids/guide/kidsclubmotoyamaminami,34.724187,135.28161
5,東灘,小,チャイルドハート　保育サロン甲南園,甲南町3-2-2 ラ・ギャレットビル1F,431-5661,10,生後6か月～満3歳未満,2歳児クラス,-,~18時半,8時半,~16時半,7時,19時,○,http://www.child-heart.com/index.html,34.7211,135.274428
5,東灘,小,あおい宙　こうなん,甲南町3-3-27 ロイヤル甲南1F,436-1233,12,生後6か月～満3歳未満,2歳児クラス,-,~18時,9時,~17時,7時,19時,○,http://aoisora-ufo.com/kounan.html,34.720695,135.273483
5,東灘,小,神戸市小規模保育事業　RICホープ御影,御影中町4-1-31 サニーハイツ御影1F,262-1860,19,生後6か月～満3歳未満,2歳児クラス,-,~18時半,8時半,~16時半,7時半,19時半,○,https://www.pcare.jp/nursery/51/,34.7175,135.2553435
5,東灘,小,御影小規模保育ルーム,御影2-15-27,843-2780,19,生後6か月～満3歳未満,2歳児クラス,-,~18時半,9時,~17時,7時,19時,,https://kake-room.com/,34.722927,135.251235
5,東灘,小,はぴふぁみえるあ　小規模保育園 Lino,向洋町中5-15　リバーモールウエスト2Ｆ,862-5065,12,生後6か月～満3歳未満,2歳児クラス,-,~18時半,8時半,~16時半,7時半,19時,○,https://hapifami.net/elualino/,34.6905,135.2681685
5,東灘,小,コスモチャイルド保育園　神戸東灘園,本山中町1-1-12　チタンビル1Ｆ,452-0220,12,生後6か月～満3歳未満,2歳児クラス,-,~18時半,8時半,~16時半,7時,19時,○,http://www.shinki-angelheart.jp/cosmochild/higashinada.html,34.726698,135.2865645
5,東灘,小,甲南敬愛保育園,甲南町3-6-18　ドゥベル甲南2Ｆ,412-0077,12,生後6か月～満3歳未満,2歳児クラス,-,~18時,8時半,~16時半,7時,19時,○,http://www.tokuwakai.jp/facilities/yamayuri_hoikuen/,34.721361,135.2723445
5,東灘,小,京進のほいくえん　HOPPA東灘園,田中町5-1-12　東灘スカイマンション1F,262-1347,12,生後6か月～満3歳未満,2歳児クラス,-,~18時半,8時半,~16時半,7時半,19時半,○,https://hoppa.jp/higashinada/,34.72137,135.268596
5,東灘,小,深江けやきの木　小規模保育園,深江北町4-11-6　ワコーレ深江駅前ハーモニーガーデン1F,436-1525,12,生後6か月～満3歳未満,2歳児クラス,-,~18時半,8時,~16時,7時半,19時,○,https://www.secondhome-assoc.org/,34.723926,135.29088
5,東灘,小,京進のほいくえん　HOPPA甲南山手園,森南町3-1-7　ダンディライオン東灘　1F,452-0811,12,生後6か月～満3歳未満,2歳児クラス,-,~18時半,8時半,~16時半,7時半,19時半,○,https://hoppa.jp/kounanyamate/,34.727481,135.2890575
5,東灘,小,みかげ小規模保育園,御影1-12-14,822-1280,19,生後6か月～満3歳未満,2歳児クラス,7時半,~18時半,8時半,~16時半,-,-,,https://www.miraikai.ed.jp/guide/162.html,34.720812,135.251478
5,東灘,小,famille保育園,向洋町中1-14,200-6971,19,生後6か月～満3歳未満,2歳児クラス,-,~18時半,8時半,~16時半,7時,19時,○,https://kobe-city.mamafre.jp/archives/facility/famille保育園/,34.691157,135.2705535
5,東灘,小,岡本ハーベスト保育園　サテライト　?,西岡本2丁目26-1　パークスクエア岡本,414-8415,19,生後6か月～満3歳未満,2歳児クラス,-,~18時,8時半,~16時半,7時,19時,○,http://www.harvest-school.com/okamoto-hoikuen/top.html,34.724529,135.2651085
5,東灘,小,それいゆ本山保育園,本山北町3-4-15 藤和ライブタウン本山１F,855-8320,19,生後6か月～満3歳未満,2歳児クラス,-,~18時,8時,~16時,7時,19時,○,,34.72722,135.277452
5,東灘,小,エンジェルキッズ甲南山手園,本庄町2-13-23　フローラ甲南山手1階,855-7484,19,生後6か月～満3歳未満,2歳児クラス,7時半,~18時半,8時半,~16時半,7時半,19時半,,https://www.serio-corp.com/nursery/parents/list/ak_konanyamate/,34.727932,135.291991
5,東灘,小,小規模保育園光の子グレイス,向洋町中2-9-1　神戸ファッションプラザ3F,856-6767,19,生後6か月～満3歳未満,2歳児クラス,7時,~18時,8時,~16時,7時,19時,○,https://rokuaibiyori.com/kfp-nursery-businessperson/,34.688229,135.270606
5,東灘,小,みかげなかまち　ちぬっこ園,御影中町1-1-10,846-8555,12,1歳児クラス～満3歳未満,2歳児クラス,7時,~18時,9時,~17時,7時,19時,○,,34.714338,135.258636
5,東灘,事,コープこうべの保育園　どんぐりっこもとやま,田中町2-9-10　サービス付き高齢者向け住宅　コープは～とらんどハイム本山1F,441-3774,19　内地域枠17,生後4か月～満3歳未満,2歳児クラス,7時半,~18時半,8時半,~16時半,7時半,19時,○,https://ck.coop-kobe.net/hoikuen/motoyama/index.php,34.723962,135.274068
5,東灘,事,キッズルームころねん,本山中町4-1-8　宮地病院4F,451-1223,20　内地域枠9,生後6か月～満3歳未満,2歳児クラス,7時半,~18時半,8時,~16時,7時,19時,○,http://meirinkai.or.jp/kids/guide/kidsroomkoronen,34.725087,135.281016
5,東灘,事,キッズスペースひまわり保育園,深江本町3-9-1　深江駅前ビル103,224-0606,12　内地域枠9,生後6か月～満3歳未満,2歳児クラス,8時,~19時,8時,~16時,8時,20時,○,http://www.kids-himawari.com/,34.722396,135.291618
4,灘,連こ本,認定こども園　高羽幼稚園,八幡町1-8-19,851-0065,*36,1歳児クラス,5歳児クラス,7時半,~18時半,8時半,~16時半,7時,19時,,https://takaha-youchien.ed.jp/takaha-kindergarden/index.html,34.72029,135.2377035
4,灘,連こ分,分園1st STEPS,高羽町4-1-5,811-2525,24,1歳児クラス,5歳児クラス,7時半,~18時半,8時半,~16時半,7時,19時,,,34.721631,135.2389095
4,灘,連こ,幼保連携型認定こども園　はっとこども園,摩耶海岸通2-3-14,805-3810,*90,生後6か月,5歳児クラス,7時,~18時,9時,~17時,7時,19時,○,https://tanenokai.ed.jp/hatto/guide/,34.701714,135.22248
4,灘,連こ,幼保連携型認定こども園　なかはらこども園,中原通6-4-5,871-2330,*140,生後6か月,5歳児クラス,7時,~18時,9時,~17時,7時,19時,○,https://tanenokai.ed.jp/nakahara/guide/,34.712559,135.219627
4,灘,連こ,認定こども園　六甲道COCORO,琵琶町2-1-27,882-1541,60,生後6か月,5歳児クラス,7時,~18時,9時,~17時,7時,19時,○,https://www.cocoro-hoikuen.com/nursery/rokko.html,34.711767,135.23679
4,灘,連こ,幼保連携型認定こども園　八幡幼稚園・八幡ピジョン保育園,深田町1-1-3,"幼 851-9377
保 862-1330",*70,生後6か月,5歳児クラス,7時,~18時,8時半,~16時半,7時,19時,○,http://www.yahata.ed.jp/publics/index/41/,34.715961,135.242136
4,灘,連こ,認定こども園　高羽COCORO,高徳町5-2-3,855-4137,90,生後6か月,5歳児クラス,7時,~18時,9時,~17時,7時,19時,○,https://www.cocoro-hoikuen.com/nursery/takaha.html,34.71822,135.2407185
4,灘,連こ,幼保連携型認定こども園　神戸さくら保育園,浜田町2-2-15,858-8101,*70,生後57日,5歳児クラス,7時,~18時,8時半,~16時半,7時,19時,○,https://www.sakuradani-fukushikai.com/service/kobe-sakura/,34.710498,135.2428335
4,灘,連こ,幼保連携型認定こども園　微笑幼稚園,篠原北町3-6ー7,871-2165,*10,3歳児クラス,5歳児クラス,7時半,~18時半,8時,~16時,7時,19時,,http://www.bisyo.ed.jp/,34.724151,135.228204
4,灘,連こ本,幼保連携型認定こども園　光愛児園,篠原南町5-3-15,871-7010,*105,生後6か月,5歳児クラス,7時半,~18時半,8時半,~16時半,7時,19時,○,https://hikari-aijien.jp/,34.716726,135.227601
4,灘,連こ分,sun分園,天城通1-2-11,802-1118,25,生後6か月,5歳児クラス,7時半,~18時半,8時半,~16時半,7時,19時,,https://www.hikari-aijien.jp/about/index.html,34.716204,135.225207
4,灘,連こ,幼保連携型認定こども園　青谷愛児園,青谷町2-1-9,871-9553,*90,生後6か月,5歳児クラス,7時,~18時,8時,~16時,7時,19時,○,http://aotani-aijien.com/index.html,34.71342736,135.2139285
4,灘,連こ本,幼保連携型認定こども園　おおいしこども園,大石北町3-12,881-9470,*75,2歳児クラス,5歳児クラス,7時半,~18時半,8時半,~16時半,7時,19時,○,http://www.oishikodomoen.or.jp/,34.705602,135.2300535
4,灘,連こ分,乳児分園,大石北町3-33,803-8412,20,生後6か月,5歳児クラス,7時半,~18時半,8時半,~16時半,7時,19時,○,,34.70571,135.2304945
4,灘,連こ,幼保連携型認定こども園　オリンピア都こども園,六甲町5-2-12,805-5165,*90,生後6か月,5歳児クラス,7時半,~18時半,8時半,~16時半,7時,19時,○,https://www.olympia.or.jp/保育事業/オリンピア都こども園/,34.715223,135.2332575
4,灘,連こ本,幼保連携型　めばえの園認定こども園,灘南通4-4-2,806-3333,90,生後6か月,5歳児クラス,7時,~18時,9時,~17時,7時,19時,○,http://mebaenosono.jp/,34.708482,135.225594
4,灘,連こ分,すみれ分園,灘北通8-6-16,802-2225,12,生後6か月,5歳児クラス,7時,~18時,9時,~17時,7時,19時,,http://mebaenosono.jp/,34.70733537,135.2189411
4,灘,連こ,ゆりか認定こども園,神ノ木通2-2-9,871-0132,*90,生後6か月,5歳児クラス,7時,~18時,9時,~17時,7時,19時,○,http://www.yurika-hoikuen.net/,34.713837,135.2311605
4,灘,連こ,幼保連携型認定こども園　六甲ゆりかごこども園,友田町2-5-1,858-7400,*60,生後6か月,5歳児クラス,7時,~18時,8時半,~16時半,7時,19時,○,https://yurikago-ed.jp/rokko/,34.71242921,135.2428969
4,灘,連こ,幼保連携型認定こども園　花音つばさこども園,城内通1-6-32,801-0283,*80,生後6か月,5歳児クラス,7時,~18時,9時,~17時,7時,19時,○,https://m-tsubasa.ed.jp/kanon/,34.709508,135.220239
4,灘,連こ,幼保連携型認定こども園　同朋保育園,篠原北町4-8-1,861-1624,*70,生後6か月,5歳児クラス,7時,~18時,8時,~16時,7時,19時,○,http://dohohoikuen.doho.or.jp/index.html,34.720758,135.223731
4,灘,連こ,幼保連携型認定こども園　ホザナ幼稚園,六甲町5－7－8,861－4330,*30,生後6か月,5歳児クラス,7時半,~18時半,8時半,~16時半,7時,19時,○,,34.714658,135.231784
3,灘,公保,灘保育所,新在家南町5-13-15,861-3844,110,生後6か月,5歳児クラス,7時半,~18時半,8時半,~16時半,7時,18時半,,https://nada-papamama.net/list/school/l_nursery_school/entry-183.html,34.705071,135.2334735
3,灘,公保,西灘保育所,岩屋北町2-5-29,861-2769,120,生後6か月,5歳児クラス,7時半,~18時半,8時半,~16時半,7時,19時,○,https://nada-papamama.net/list/school/l_nursery_school/entry-173.html,34.706484,135.221067
3,灘,公保,石屋川保育所,大和町4-4-18,854-1707,100,生後6か月,5歳児クラス,7時半,~18時半,8時半,~16時半,7時,19時,,https://nada-papamama.net/list/school/l_nursery_school/entry-187.html,34.717041,135.2442825
3,灘,公保,倉石保育所,倉石通4-1-10,801-2250,90,生後6か月,5歳児クラス,7時半,~18時半,8時半,~16時半,7時,18時半,○,https://kobe-city.mamafre.jp/archives/facility/倉石保育所/,34.712802,135.221724
3,灘,公保本,やはた桜保育所,八幡町2-1-1,821-5271,144,生後6か月,5歳児クラス,7時半,~18時半,8時半,~16時半,7時,19時,○,https://nada-papamama.net/list/school/l_nursery_school/entry-179.html,34.717932,135.2377215
3,灘,公保分,鶴甲分室,鶴甲1-3-13,821-1900,30,1歳児クラス,5歳児クラス,7時半,~18時半,8時半,~16時半,7時,18時半,,https://nada-papamama.net/list/school/l_nursery_school/entry-175.html,34.732089,135.23895
3,灘,保,誠佛保育園,徳井町5-1-24,851-1944,80,満1歳,5歳児クラス,7時半,~18時半,8時半,~16時半,7時,19時,○,http://seibutsu-kobe.com/about/,34.714107,135.244476
3,灘,保本,琵琶COCORO保育園,琵琶町2-4-4,881-7113,60,生後6か月,5歳児クラス,7時,~18時,9時,~17時,7時,19時,○,https://www.cocoro-hoikuen.com/nursery/biwa.html,34.711875,135.235683
3,灘,保分,まや分園,灘南通2-3-20,801-5551,45,生後6か月,5歳児クラス,7時,~18時,9時,~17時,7時,19時,○,https://www.cocoro-hoikuen.com/nursery/maya.html,34.709436,135.2285235
3,灘,保,ろっこうARIMA保育園,八幡町4-5-13,871-2323,60,生後6か月,5歳児クラス,7時,~18時,9時,~17時,7時,19時,○,http://rokko.umearimahoikuen.net/,34.717914,135.234522
3,灘,保,八幡ポッポ保育園,中郷町4-2-12,414-7918,70,生後6か月,5歳児クラス,7時,~18時,8時半,~16時半,7時,19時,○,http://www.yahata.ed.jp/publics/index/38/,34.716159,135.2444355
3,灘,保,灘Ohana保育園,岩屋中町4-2-7BBプラザ4階,806-3087,50,生後6か月,5歳児クラス,7時,~18時,8時半,~16時半,7時,19時,○,https://www.ohanahoikuen.com/nada/,34.703226,135.2176155
3,灘,保,ricco六甲保育園,鶴甲2-15-5,842-6555,70　内ステーション利用者枠20,生後6か月,5歳児クラス,7時,~18時,8時半,~16時半,7時,19時,,http://ricco.ed.jp/rokko/,34.73197257,135.2346261
3,灘,保,ricco六甲キッズステーション,永手町５丁目１番１号　プリコ六甲道 西館 1階,842-6555,20,3歳児クラス,5歳児クラス,7時,~18時,8時半,~16時半,7時,19時,,https://ricco.ed.jp/rokko/,34.714254,135.237612
3,灘,保,トレジャーキッズにしなだ保育園,都通5-2-7,803-8857,70,生後6か月,5歳児クラス,7時半,~18時半,8時半,~16時半,7時半,19時半,○,https://www.serio-corp.com/nursery/parents/list/tk_nishinada/,34.704948,135.224458
3,灘,保,摩耶保育送迎ステーション　種の駅,灘南通5-2-27　モント・マヤ2階,200-6567,21,3歳児クラス,5歳児クラス,7時,~18時,9時,~17時,7時,19時,○,,34.707114,135.224766
5,灘,家,赤ちゃんホーム　なだのみ,岩屋北町1-4-16　ケイテムビル1Ｆ,※,5,生後7週目～満1歳未満,0歳児クラス,-,-,9時,~17時,8時,18時,,https://momonomi.jp/nadanomi.html,34.7058,135.2220975
5,灘,家,赤ちゃんホーム　つぼみ,篠原中町3-4-6　ダイヤデート1Ｆ,※,4,生後7週目～満1歳未満,0歳児クラス,-,-,8時,~16時,8時,18時,,https://kobe-city.mamafre.jp/archives/facility/赤ちゃんホーム%e3%80%80つぼみ/,34.719273,135.2299095
5,灘,小,たんぽぽ,六甲町1-2-5 六甲ハーモニーガーデン1F,843-5919,12,満1歳～満3歳未満,2歳児クラス,7時半,~18時半,8時半,~16時半,7時半,18時半,○,http://tanpopo.doho.or.jp/index.html,34.714962,135.2359755
5,灘,小,はらだ乳児園,原田通2-2-5 臼井ハイツ王子1Ｆ,855-5901,12,満1歳～満3歳未満,2歳児クラス,7時,~18時,9時,~17時,7時,19時,○,https://tanenokai.ed.jp/harada/guide/,34.707456,135.2155905
5,灘,小,コアラ愛児園,泉通6-3-10 モンテ王子1Ｆ,855-4844,19,満1歳～満3歳未満,2歳児クラス,7時半,~18時半,8時,~16時,7時半,18時半,,https://kobe-city.mamafre.jp/archives/facility/コアラ愛児園/,34.709841,135.2222235
5,灘,小,めばえすくすくルーム,灘南通3-1-5 ミロードメゾン1Ｆ,803-2222,12,満1歳～満3歳未満,2歳児クラス,7時半,~18時半,9時,~17時,7時半,18時半,,https://mebaenosono.jp/mebae/,34.70823,135.2276235
5,灘,小,小規模保育園　六甲道,永手町4-1-1　ＪＲ六甲道駅構内,857-9110,19,生後6か月～満3歳未満,2歳児クラス,7時半,~18時半,8時半,~16時半,7時半,19時,○,http://rokkomichi.doho.or.jp/index.html,34.714737,135.2382615
5,灘,小,保育ルーム　ちいさなCOCORO,備後町5-3-1 ウェルブ六甲道1番街1F,851-1201,12,生後6か月～満3歳未満,2歳児クラス,7時,~18時,9時,~17時,7時,19時,○,https://www.cocoro-hoikuen.com/nursery/small.html,34.713774,135.237879
5,灘,小,京進のほいくえん　HOPPA灘園,都通2-1-26 摩耶コート壱番館1F,262-1033,12,生後6か月～満3歳未満,2歳児クラス,7時半,~18時半,8時半,~16時半,7時半,19時半,○,https://hoppa.jp/nada/,34.704999,135.2281185
5,灘,小,キッズパートナー王子公園,岸地通1-5-6　コラボK-Ⅰ1F,806-2212,19,生後6か月～満3歳未満,2歳児クラス,7時半,~18時半,8時半,~16時半,7時,19時,○,https://www.care-partner.com/service/childcare/ojikoen/,34.713171,135.226827
5,灘,小,ポピンズ小規模保育園　HAT神戸,摩耶海岸通2-3-13　HAT神戸灘の浜13番館1F,862-9393,19,生後6か月～満3歳未満,2歳児クラス,7時半,~18時半,8時半,~16時半,7時半,19時,○,https://www.poppins.co.jp/nursery/room/detail/2675/,34.701102,135.218952
5,灘,小,神戸六甲キッズバルーン,六甲町1-1-6　アベニュー六甲1F,862-8616,12,生後6か月～満3歳未満,2歳児クラス,7時半,~18時半,8時半,~16時半,7時,19時,,https://kobe-city.mamafre.jp/archives/facility/神戸六甲キッズバルーン/,34.71471,135.2361015
5,灘,小,保育ルーム　琵琶ちいさなCOCORO,琵琶町1-1-16　グランド・スペラーレ六甲道1F,842-6060,12,生後6か月～満3歳未満,2歳児クラス,7時,~18時,9時,~17時,7時,19時,○,https://www.cocoro-hoikuen.com/nursery/small2.html,34.711524,135.2376405
5,灘,小,さくら園六甲道保育園,備後町3-1-17　アークヒル六甲Ⅱ2F,821-3901,19,生後6か月～満3歳未満,2歳児クラス,7時,~18時,8時,~16時,7時,19時,○,https://sakuraen-hoiku.net/,34.713846,135.2400255
5,灘,小,なのは乳児園,原田通1-1-8　1F,862-6650,12,満1歳～満3歳未満,2歳児クラス,7時,~18時,9時,~17時,7時,19時,○,https://kobe-city.mamafre.jp/archives/facility/仮称シード乳児園/,34.708014,135.2160855
5,灘,小,小規模保育園　クーラ,新在家北町2-4-4,811-9393,12,生後6か月～満3歳未満,2歳児クラス,7時半,~18時半,8時半,~16時半,7時半,18時半,○,https://yurikago-ed.jp/culla/,34.710291,135.2395125
5,灘,小,コスモチャイルド保育園　神戸王子園,王子町1-3-6パークビュー王子駅前2F,862-6750,19,生後6か月～満3歳未満,2歳児クラス,7時半,~18時半,8時半,~16時半,7時,19時,,http://www.shinki-angelheart.jp/cosmochild/kobeoji.html,34.710633,135.2191995
5,灘,小,保育ルーム　まやちいさなCOCORO,岸地通1-8-4 BLUE SKY Maya 2F,802-1011,12,生後6か月～満3歳未満,2歳児クラス,7時,~18時,9時,~17時,7時,19時,○,https://www.cocoro-hoikuen.com/nursery/maya2.html,34.713126,135.2262195
5,灘,小,京進のほいくえん　HOPPA六甲駅園,寺口町14-8Liange　六甲Ⅱ1F,200-6585,19,生後6か月～満3歳未満,2歳児クラス,7時半,~18時半,8時半,~16時半,7時半,19時半,○,https://hoppa.jp/rokko/entry/,34.723341,135.2373165
5,灘,小,木下の保育園 摩耶,灘南通4-1-13パンブロス6,200-5250,19,生後6か月～満3歳未満,2歳児クラス,7時,~18時,9時,~17時,7時,19時,○,https://www.kinoshita-hoiku.com/facility/maya,34.70751,135.2257965
5,灘,小,ricco六甲道キッズパーク,永手町５丁目１番１号　プリコ六甲道 西館 1階,858-0150,12,生後6か月～満3歳未満,2歳児クラス,7時,~18時,8時半,~16時半,7時,19時,,,34.714251,135.237612
5,灘,小,神戸ゆたか園なだ保育園,岩屋中町4-2-7 BBプラザ４階,881-9110,19,生後6か月～満3歳未満,2歳児クラス,7時,~18時,8時,~16時,7時,19時,○,https://sakuraennada-hoiku.com/,34.703226,135.2176155
5,灘,小,摩耶だいな乳児園,灘南通5-2-27　モント・マヤ2階,200-6567,12,1歳児クラス,2歳児クラス,7時,~18時,9時,~17時,7時,19時,○,,34.707114,135.224766
5,灘,事,六甲敬愛保育園,鶴甲1-5-2　特別養護老人ホーム　エル・グレイス六甲１F,862-6531,12　内地域枠6,生後6か月～満3歳未満,2歳児クラス,7時半,~18時,8時半,~16時半,7時,19時,○,,34.73305,135.239223
4,中央,幼こ,認定こども園　神戸華僑幼稚園,中山手通6-4-20,341-8315,*30,3歳児クラス,5歳児クラス,7時半,~18時半,9時,~17時,7時半,18時半,,http://www.huayou.ed.jp/,34.690923,135.1791135
4,中央,連こ,幼保連携型　みのり認定こども園,脇浜町2-5-13,221-4154,*100,生後6か月,5歳児クラス,7時,~18時,9時,~17時,7時,19時,○,http://www.minori-kobe.com/,34.700823,135.213606
4,中央,連こ,聖ミカエル　幼保連携型認定こども園,中山手通6-5-1,341-8167,*100,生後6か月,5歳児クラス,7時,~18時,8時半,~16時半,7時,19時,○,http://www.astok.ne.jp/~michaels/enter/index.html,34.691778,135.1810665
4,中央,連こ,幼保連携型認定こども園　はたつかこども園,旗塚通4-4-１,221-5100,*120,生後6か月,5歳児クラス,7時,~18時,8時,~16時,7時,18時半,○,http://hatatsuka.doho.or.jp/index.html,34.704585,135.201564
4,中央,連こ,大慈ほまれ　幼保連携型認定こども園　,古湊通1-1-16,351-0667,*60,生後6か月,5歳児クラス,7時,~18時,9時,~17時,7時,20時,○,http://daiji-family.com/homare/index.html,34.678053,135.1759185
4,中央,連こ,幼保連携型認定こども園　塩原学園幼稚園,上筒井通4-3-30,241-8010,*40,3歳児クラス,5歳児クラス,7時,~18時,8時半,~16時半,7時,19時,,https://www.sumire-academy.ac.jp/kindergarden/,34.708995,135.208971
4,中央,連こ,幼保連携型認定こども園　友愛幼児園,吾妻通5-2-20,231-5818,*120,生後6か月,5歳児クラス,7時,~18時,8時半,~16時半,7時,19時,○,https://kobe-city.mamafre.jp/archives/facility/仮称幼保連携型認定こども園%e3%80%80友愛幼児園/,34.697718,135.203931
4,中央,連こ本,大慈幼保連携型認定こども園,東川崎町6-2-6,671-0684,*130,生後6か月,5歳児クラス,7時,~18時,8時半,~16時半,7時,20時,○,http://daiji-family.com/daiji/,34.675191,135.179703
4,中央,連こ分,とも分園,東川崎町1-5-8　クレヴィアタワー神戸ハーバーランド,341-1080,30,生後6か月,5歳児クラス,7時,~18時,8時半,~16時半,7時,20時,,http://daiji-family.com/daiji/tomobunen/,34.677576,135.183186
4,中央,連こ,幼保連携型認定こども園　ポートピア,港島中町3-2-8,302-1234,210,生後6か月,5歳児クラス,7時,~18時,8時半,~16時半,7時,19時,○,http://ninindoshinkai.or.jp/?page_id=1648,34.669818,135.2113695
4,中央,連こ,幼保連携型認定こども園　成晃ひかり保育園,港島中町4-6,303-3315,*70,生後6か月,5歳児クラス,7時,~18時,9時,~17時,7時,19時,○,http://www.seikou-hikari.jp/,34.66777,135.208768
4,中央,連こ,幼保連携型認定こども園　真生きらきら保育園,中山手通7-25-24,341-5858,*88,生後6か月,5歳児クラス,7時,~18時,9時,~17時,7時,19時,○,https://shinsei-kirakira.org/,34.688844,135.174348
4,中央,連こ本,幼保連携型認定こども園　神戸ゆたか園,栄町通6-1-10,382-0031,*70,生後6か月,5歳児クラス,7時,~18時,8時半,~16時半,7時,19時,○,https://yutakaen-hoiku.com/,34.68333727,135.1822163
3,中央,連こ分,"幼保連携型認定こども園　神戸ゆたか園
ホテルオークラ神戸分園",中央区波止場町2番1号　5階,381-6333,30,1歳児クラス,5歳児クラス,7時,~18時,8時半,~16時半,7時,19時,○,,34.68373,135.187999
3,中央,連こ,名倉みふね幼稚園　pick upステーション,海岸通4-3-1　セレニテ神戸元町クレア1F,371-1555,30,3歳児クラス,5歳児クラス,7時半,~18時半,7時半,~18時半,7時半,19時,,https://www.city.kobe.lg.jp/a36812/kosodate/hoikusyo/sougeistkaisetsu/sougeistkaisetsu.html,34.685176,135.184222
3,中央,公保,葺合保育所,八雲通1-1-6,221-3910,54,1歳児クラス,5歳児クラス,7時半,~18時半,8時半,~16時半,7時,18時半,,https://kobe-city.mamafre.jp/archives/facility/葺合保育所/,34.70139,135.2072025
3,中央,公保,生田保育所,楠町8-10-2,341-0425,120,生後6か月,5歳児クラス,7時半,~18時半,8時半,~16時半,7時,18時半,,https://kobe-city.mamafre.jp/archives/facility/生田保育所/,34.686324,135.174672
3,中央,公保,たちばな保育所,橘通3-4-1,341-0911,65,生後6か月,3歳児クラス,7時半,~18時半,8時半,~16時半,7時,18時半,○,https://kobe-city.mamafre.jp/archives/facility/たちばな保育所/,34.681597,135.174362
3,中央,公保,みなと保育所,波止場町6-2,371-4131,54,1歳児クラス,5歳児クラス,7時半,~18時半,8時半,~16時半,7時,18時半,,https://kobe-city.mamafre.jp/archives/facility/みなと保育所/,34.68474,135.18531
3,中央,公保,宮本保育所,宮本通1-5-21,221-5242,90,生後6か月,5歳児クラス,7時半,~18時半,8時半,~16時半,7時,18時半,,https://kobe-city.mamafre.jp/archives/facility/宮本保育所/,34.707618,135.2125305
3,中央,公保,神若保育所,神若通2-3-7,222-3424,85,生後6か月,5歳児クラス,7時半,~18時半,8時半,~16時半,7時,19時,○,https://kobe-city.mamafre.jp/archives/facility/神若保育所/,34.703973,135.203877
3,中央,公保,古湊保育所,古湊通2-3-23,361-0761,90,1歳児クラス,5歳児クラス,7時半,~18時半,8時半,~16時半,7時,18時半,,https://kobe-city.mamafre.jp/archives/facility/古湊保育所/,34.678044,135.174942
3,中央,保,めぐみ愛児園,八雲通2-3-23,221-7473,90,生後6か月,5歳児クラス,7時,~18時,9時,~17時,7時,18時半,○,https://www.ans.co.jp/k/megumiaijien/index.html,34.700823,135.2056815
3,中央,保,神女中山手保育園,中山手通2-23-2,261-0361,90,生後6か月,5歳児クラス,7時,~18時,8時半,~16時半,7時,19時,○,https://www.shinjo-kizuna.jp/index.html,34.696521,135.188577
3,中央,保,北野坂保育園,北野町3-1-7,222-1150,80,生後6か月,5歳児クラス,7時,~18時,8時,~16時,7時,19時,○,https://kobe-city.mamafre.jp/archives/facility/神女中山手保育園/,34.699239,135.1899
3,中央,保,神戸元町ちどり保育園,北長狭通8-5-5,341-5580,60,生後6か月,5歳児クラス,7時,~18時,8時半,~16時半,7時,19時,○,https://www.chidori.or.jp/facility/hoiku_kobemotomachi/,34.683462,135.177606
3,中央,保,二宮保育園,二宮町1-5-2,803-8866,90,生後6か月,5歳児クラス,7時半,~18時半,8時半,~16時半,7時,19時,,https://kobe-city.mamafre.jp/archives/facility/二宮保育園/,34.699599,135.1988595
3,中央,保,だいな幼児園,大日通１-1-1　※王子南公園内南西側,252-3810,60　内ステーション利用者枠21,3歳児クラス,5歳児クラス,7時,~18時,9時,~17時,7時,19時,○,https://tanenokai.ed.jp/daina/guide/,34.70641385,135.2129781
3,中央,保,コメット保育園,小野柄通1-2-1　※生田川公園内（国道2号線南側すぐ）,231-4152,40,生後6か月,5歳児クラス,7時,~18時,8時,~16時,7時,19時,○,,34.69582452,135.2019913
3,中央,保,若菜はーもにぃ保育園,若菜通5-2-24,803-8057,40,4歳児クラス,5歳児クラス,7時半,~18時半,8時半,~16時半,7時,19時,○,https://kobe-city.mamafre.jp/archives/facility/小規模保育園%e3%80%80はーもにぃ/,34.701102,135.201978
3,中央,保,みなとじまCOCORO保育園,港島中町1－4－3,302-0080,90　内ステーション利用者枠60     ,生後6か月～,5歳児クラス,7時,~18時,9時,~17時,7時,19時,○,https://www.cocoro-hoikuen.com/nursery/area-sannomiya.html,34.673369,135.209375
3,中央,保,磯上COCOROステーション,磯上通3丁目1-32こうべ市民福祉交流センターB1,200-6256,21,3歳児クラス,5歳児クラス,7時,~18時,7時,~18時,7時,19時,,https://www.cocoro-hoikuen.com/nursery/area-sannomiya.html,34.69286,135.201772
3,中央,保,三宮COCOROステーション,浜辺通5丁目1-14神戸商工貿易センタービルB1,251-0577,39,3歳児クラス,5歳児クラス,7時,~18時,7時,~18時,7時,19時,,https://www.cocoro-hoikuen.com/nursery/area-sannomiya.html,34.688221,135.199689
3,中央,保,聖ミカエル北野園,北野町4-10-19,221-5311,60,生後6か月～,5歳児クラス,7時,~18時,8時,~16時,7時,19時,○,http://astokone.jp/smchhob/info/86/,34.698289,135.186588
3,中央,保,くすのき愛児園,楠町6丁目11-1-3-101,381-9271,26,生後6か月～,5歳児クラス,7時,~18時,8時,~16時,7時,20時,○,,34.682927,135.171543
3,中央,保,モーツァルト下山手保育園,下山手通8-17-18,367-6666,90,生後6か月～,5歳児クラス,7時,~18時,8時半,~16時半,7時,19時,○,,34.687067,135.177488
5,中央,家,李　赤ちゃんホーム,山本通5,※,4,生後7週目～満1歳未満,0歳児クラス,-,-,8時,~16時,8時,17時半,,https://kobe-city.mamafre.jp/archives/facility/李%e3%80%80赤ちゃんホーム/,34.69322908,135.1789734
5,中央,家,酒井　赤ちゃんホーム,上筒井通6,※,4,生後7週目～満1歳未満,0歳児クラス,-,-,8時,~16時,8時,17時半,,https://kobe-city.mamafre.jp/archives/facility/酒井%e3%80%80赤ちゃんホーム/,34.70795425,135.2057145
5,中央,小,神戸ゆたか園もとまち保育園,中山手通4-10-3　グランドメゾン中山手2Ｆ,763-0087,19,生後6か月～満3歳未満,2歳児クラス,7時半,~18時,8時,~16時半,7時,19時,○,https://www.ohanahoikuen.com/,34.69401,135.18585
5,中央,小,トアハッピー保育園,中山手通3-2-1　トア山手ザ・神戸タワー1Ｆ,391-7741,19,生後6か月～満3歳未満,2歳児クラス,7時半,~18時半,9時,~17時,7時半,19時,○,https://happyage.co.jp/nursery/toa/,34.693515,135.187614
5,中央,小,さんのみやキッズ,琴ノ緒町5-6-19　プリオール三宮1Ｆ,242-4115,19,満1歳～満3歳未満,2歳児クラス,7時半,~18時半,8時半,~16時半,7時半,20時,○,https://sannomiyakids.com/photo,34.696242,135.195093
5,中央,小,ポピンズ小規模保育園　神戸旧居留地,明石町30　常盤ビル3Ｆ,332-3371,19,生後6か月～満3歳未満,2歳児クラス,7時半,~18時半,8時半,~16時半,7時半,19時,○,https://www.poppins.co.jp/nursery/room/detail/520/,34.687854,135.1912635
5,中央,小,スペースかすがのみち　保育ルーム,筒井町3-12-10　三浦ビル1Ｆ,241-6722,12,生後6か月～満3歳未満,2歳児クラス,7時半,~18時半,8時半,~16時半,7時半,18時半,,https://npo-space.com/list/spacekasuganomichi,34.702353,135.2072655
5,中央,小,小規模保育園　はーもにぃ,脇浜町3-5-19　ワコーレアプローズ2Ｆ,262-1714,12,生後6か月～満3歳未満,2歳児クラス,7時半,~18時半,8時半,~16時半,7時,19時,○,https://kobe-city.mamafre.jp/archives/facility/小規模保育園%e3%80%80はーもにぃ/,34.700013,135.2087415
5,中央,小,新神戸アイテラス保育園,生田町1-2-34　オリバーサイド88　1Ｆ,200-5550,12,生後6か月～満3歳未満,2歳児クラス,7時半,~18時半,8時,~16時,7時半,19時半,○,https://hoiku.kaisei-group.co.jp/list/detail.php?seq=8,34.703442,135.1966455
5,中央,小,小規模保育園　なぎさ,中山手通4-17-2　セントラルビル1Ｆ,232-0230,19,生後6か月～満3歳未満,2歳児クラス,7時半,~18時半,8時半,~16時半,7時,20時,○,http://kyoseikai.o.oo7.jp/nagisa/,34.693479,135.1849185
5,中央,小,元町キッズルーム,花隈町8-19　ケンコーハイツ1Ｆ,335-6988,19,生後6か月～満3歳未満,2歳児クラス,7時半,~18時半,8時半,~16時半,7時半,18時半,○,https://www.motomachi-kidsroom.com/introduction.html,34.689582,135.181899
5,中央,小,フォアベルク保育園,磯辺通4-2-14　エスリード三宮フラワーロード1F,891-7171,12,生後6か月～満3歳未満,2歳児クラス,7時半,~18時半,8時半,~16時半,7時,19時,○,https://kobe-city.mamafre.jp/archives/facility/フォアベルク保育園/,34.688754,135.197343
5,中央,小,キッズパートナー三宮,二宮町1-10-1　ローレル三宮ノースアベニュー1F,221-7342,12,生後6か月～満3歳未満,2歳児クラス,7時半,~18時半,8時半,~16時半,7時,19時,○,https://www.care-partner.com/service/childcare/sannomiya/,34.700697,135.1987875
5,中央,小,神戸YWCA保育園,二宮町1-12-10　神戸YWCA会館1F,231-6201,12,生後6か月～満3歳未満,2歳児クラス,7時半,~18時半,8時半,~16時半,7時半,19時,○,https://www.kobe.ywca.or.jp/top/ns/,34.700832,135.198234
5,中央,小,神戸オリーブ保育園,山本通1-7-11　ドゥマンビル3F,803-8910,19,生後6か月～満3歳未満,2歳児クラス,7時半,~18時半,8時半,~16時半,7時,20時,○,http://www.olive.ed.jp/kobe_olive/index.html,34.698483,135.19161
5,中央,小,京進のほいくえん　HOPPA神戸駅前園,相生町5-10-1　相生ビル1F,335-8093,12,生後6か月～満3歳未満,2歳児クラス,7時半,~18時半,8時半,~16時半,7時半,19時半,○,https://hoppa.jp/kobeekimae/,34.675911,135.177732
5,中央,小,大慈あい小規模保育園,多聞通2-1-12　法友会館1F,351-3000,12,生後6か月～満3歳未満,2歳児クラス,7時,~18時,9時,~17時,7時,19時,,http://daiji-family.com/ai/,34.681707,135.1773945
5,中央,小,はっぴぃばーす KOBE,加納町3-13-3　マツモトビル1F,271-3725,19,生後6か月～満3歳未満,2歳児クラス,7時半,~18時半,8時半,~16時半,7時半,19時半,○,https://happybirth-kobe.com/,34.697826,135.1928565
5,中央,小,元町はっと保育園,元町通4-2-22　スパチオ元町1Ｆ,361-1810,12,満1歳～満3歳未満,2歳児クラス,7時,~18時,9時,~17時,7時,19時,○,https://tanenokai.ed.jp/motomachi/guide/,34.68645,135.1836855
5,中央,小,シンフォニィ,脇浜町3-5-19 ワコーレアプローズ103,262-1266,12,生後6か月～満3歳未満,2歳児クラス,7時半,~18時半,8時半,~16時半,7時,19時,○,https://kobe-city.mamafre.jp/archives/facility/シンフォニィ/,34.700013,135.2087415
5,中央,小,きたの小規模保育園,山本通3-1-1-101,230-2228,19,生後6か月～満3歳未満,2歳児クラス,7時半,~18時半,8時半,~16時半,7時半,18時半,○,https://www.miraikai.ed.jp/guide/page/2,34.69689,135.1883655
5,中央,小,三宮こぐまキッズ園,二宮町3-15-8,230-1717,12,生後6か月～満3歳未満,2歳児クラス,7時半,~18時半,8時半,~16時半,7時,19時,○,http://asunaro-hyogo.com/sannomiyakogumakids/top.html,34.700121,135.1952145
5,中央,小,保育ルーム　三宮ちいさなCOCORO,浜辺通5-1-14　神戸市商工貿易センタービル,251-0577,19,生後6か月～満3歳未満,2歳児クラス,7時,~18時,9時,~17時,7時,19時,○,https://www.cocoro-hoikuen.com/nursery/sannomiya.html,34.688259,135.199755
5,中央,小,保育ルーム　磯上ちいさなCOCORO,磯上通3-1-32　神戸市立こうべ市民福祉交流センターB1F,200-6256,12,生後6か月～満3歳未満,2歳児クラス,7時,~18時,9時,~17時,7時,19時,○,https://www.cocoro-hoikuen.com/nursery/area-sannomiya.html,34.692901,135.201743
5,中央,小,赤い鳥保育園,二宮町4-6-8フォルテ三宮１F,252-7713,12,生後6か月～満3歳未満,2歳児クラス,7時半,~18時半,9時,~17時,7時,19時,○,http://www.akaitorihoikuen.com/,34.697697,135.194568
5,中央,小,元町みふね　little one,海岸通4-3-1　セレニテ神戸元町クレア1F,371-1555,10,2歳児クラス～満3歳未満,2歳児クラス,7時半,~18時半,9時,~17時,7時半,19時,○,,34.685176,135.184222
5,中央,小,バンビHUG神戸駅前保育園,中町通2-1-18 　JR神戸駅NKビル2F,371－3303,19,生後6か月～満3歳未満,2歳児クラス,7時半,~18時半,8時半,~16時半,7時,19時,○,,34.678865,135.176609
5,中央,事,プチプリュム,磯辺通2-2-25　ダイワピュアビル1F,231-2662,12　内地域枠8,生後6か月～満3歳未満,2歳児クラス,7時半,~18時半,8時半,~16時半,7時,19時,○,https://kobe-city.mamafre.jp/archives/facility/はーもにぃisobe/,34.690302,135.1996515
5,中央,事,しまのこ保育園,港島中町6-2-1,304-5657,12　内地域枠４,生後6か月～満3歳未満,2歳児クラス,7時半,~18時半,8時半,~16時半,7時,19時半,○,,34.668223,135.213817
4,兵庫,幼こ,認定こども園　みなと幼稚園,荒田町3-20-4,511-1349,*30,3歳児クラス,5歳児クラス,7時,~18時,8時,~16時,7時,19時,,https://www.minatogakuen.ed.jp/minato/,34.684623,135.1673415
4,兵庫,連こ,幼保連携型認定こども園　神戸夢野幼稚園,東山町4-20,511-8837,*54,2歳児クラス,5歳児クラス,7時半,~18時半,8時半,~16時半,7時半,18時半,,http://www.yumeno-kg.com/,34.681833,135.1611855
4,兵庫,連こ,幼保連携型認定こども園　みさきこども園,浜山通2-2-7,671-4000,*100,生後6か月,5歳児クラス,7時,~18時,8時半,~16時半,7時,18時半,○,http://www.misaki.yutakafukushikai.com/,34.656336,135.171594
4,兵庫,連こ,幼保連携型認定こども園　宝地院保育園,荒田町3-17-1,511-0167,*130,生後6か月,5歳児クラス,7時,~18時,8時半,~16時半,7時,19時,○,https://houchiin-hoiku.jp/,34.684812,135.1681335
4,兵庫,連こ,幼保連携型認定こども園　大同保育園,大同町2-2-16,521-5081,*150,生後6か月,5歳児クラス,7時,~18時,8時半,~16時半,7時,19時,○,https://kobe-city.mamafre.jp/archives/facility/幼保連携型認定こども園%e3%80%80大同保育園/,34.687908,135.162909
4,兵庫,連こ,幼保連携型認定こども園　モーツァルト兵庫こども園,大開通10-1-4,575-6666,*90,生後6か月,5歳児クラス,7時,~18時,8時半,~16時半,7時,19時,○,http://kodomoen.com/hyogo/,34.668756,135.1600875
4,兵庫,連こ,幼保連携型認定こども園　神港みどり幼稚園,会下山町2-5-32,521-1834,*36,2歳児クラス,5歳児クラス,7時半,~18時半,8時,~16時,7時半,18時半,,http://shinko-midori.com/outline.html,34.67738776,135.1600279
4,兵庫,連こ,幼保連携型認定こども園　ゆりかごこども園,氷室町2-14-1,521-1122,*90,生後6か月,5歳児クラス,7時,~18時,8時半,~16時半,7時,19時,○,https://yurikago-ed.jp/kobe/,34.686837,135.157248
4,兵庫,連こ,大慈ひょうご　幼保連携型認定こども園,東出町2-12-9,671-0173,*90,生後6か月,5歳児クラス,7時,~18時,9時,~17時,7時,20時,○,http://daiji-family.com/hyogo/,34.674048,135.1802295
4,兵庫,連こ,幼保連携型認定こども園　神徳館こども園,御崎本町1-1-31,671-6442,*70,生後6か月,5歳児クラス,7時半,~18時半,9時,~17時,7時,18時半,○,http://shintokukan-hoiku.or.jp/,34.66186561,135.1701536
4,兵庫,連こ,幼保連携型認定こども園　聖ミカエル兵庫幼稚園,吉田町1-1-1,681-1304,*8,2歳児クラス,5歳児クラス,7時半,~18時半,8時,~16時,7時半,18時半,,http://smhk.ed.jp/,34.654347,135.1721475
3,兵庫,公保,運南保育所,浜中町1-17-11,651-3111,54,1歳児クラス,5歳児クラス,7時半,~18時半,8時半,~16時半,7時,18時半,,https://kobe-city.mamafre.jp/archives/facility/運南保育所/,34.656606,135.164862
3,兵庫,公保,松原保育所,松原通4-2-27,651-5521,120,生後6か月,5歳児クラス,7時半,~18時半,8時半,~16時半,7時,18時半,,https://kobe-city.mamafre.jp/archives/facility/松原保育所/,34.664454,135.166203
3,兵庫,公保,羽坂保育所,羽坂通4-1-1,575-5790,106,生後6か月,5歳児クラス,7時半,~18時半,8時半,~16時半,7時,19時,,https://kobe-city.mamafre.jp/archives/facility/羽坂保育所/,34.669449,135.165717
3,兵庫,公保,平野保育所,下祇園町6-24,341-5348,124,生後6か月,5歳児クラス,7時半,~18時半,8時半,~16時半,7時,19時,,https://kobe-city.mamafre.jp/archives/facility/平野保育所/,34.6805275,135.16533
3,兵庫,公保,小河保育所,小河通3-2-14,651-1830,73,生後6か月,5歳児クラス,7時半,~18時半,8時半,~16時半,7時,18時半,○,https://kobe-city.mamafre.jp/archives/facility/小河保育所/,34.665822,135.168084
3,兵庫,保,みなとがわ保育園,湊川町9-2-16,521-4363,60,生後6か月,5歳児クラス,7時,~18時,8時半,~16時半,7時,19時,○,http://minatogawa-hoikuen.com/,34.680888,135.1586295
3,兵庫,保,ルンビニー愛児園,中道通9-1-8,577-1598,90,満1歳,5歳児クラス,7時,~18時,8時半,~16時半,7時,18時半,○,http://koumyouji-lumbini.jp/,34.671114,135.1589265
3,兵庫,保,ちびくろ保育園,松原通4-4-7,651-6151,70,生後6か月,5歳児クラス,7時,~18時,9時,~17時,7時,18時半,○,https://tibikuro-hoiku.jp/,34.6644,135.164466
3,兵庫,保,モーツァルトりた保育園,中道通3-4-18,521-1111,60,生後6か月,5歳児クラス,7時,~18時,8時半,~16時半,7時,19時,○,http://kodomoen.com/rita/index.html,34.675938,135.1653615
3,兵庫,保,モーツァルトパーク&ライド保育園,駅南通5-2-15,652-4444,102,生後6か月,5歳児クラス,7時,~18時,8時半,~16時半,7時,19時,○,http://kobe.yoiko-net.jp/yoikonet/user/1011/blog/showDetail.do,34.666083,135.16299
5,兵庫,家,平岡　赤ちゃんホーム,三川口町3-3-6,※,5,生後7週目～満1歳未満,0歳児クラス,-,-,8時,~16時,8時,17時半,,https://kobe-city.mamafre.jp/archives/nursery/平岡%e3%80%80赤ちゃんホーム/,34.670961,135.1680345
5,兵庫,家,藪本　赤ちゃんホーム,水木通5-3-16-202,※,5,生後7週目～満1歳未満,0歳児クラス,-,-,8時,~16時,8時,17時半,,https://kobe-city.mamafre.jp/archives/facility/藪本%e3%80%80赤ちゃんホーム/,34.673508,135.163467
5,兵庫,小,モーツァルト兵庫駅ナカ　小規模保育園,駅南通5-3-7,531-2222,19,生後6か月～満3歳未満,2歳児クラス,7時半,~18時半,8時半,~16時半,7時半,18時半,○,http://kodomoen.com/hyogo_ekinaka/index.html,34.668405,135.1647225
5,兵庫,小,小規模保育園　めいせい,大開通7-4-3　ＴＭコート大開2F,575-2177,12,生後6か月～満3歳未満,2歳児クラス,7時半,~18時半,8時半,~16時半,7時,19時,○,http://www.meisei-hoiku.com/,34.670925,135.162486
5,兵庫,小,小規模保育　おはな保育園,中道通3-3-13　2F,381-6874,19,1歳児クラス～満3歳未満,2歳児クラス,8時,~19時,8時,~16時,8時,19時半,○,http://kjg.or.jp/ohana/index.htm,34.675452,135.164844
5,兵庫,小,宝地院保育園ふたば,荒田町1-4-1 グランパレ大倉山ウエストタワー1Ｆ,577-1067,19,生後6か月～満3歳未満,2歳児クラス,8時,~19時,8時半,~16時半,8時,19時,○,https://houchiin-hoiku.jp/futaba/index.html,34.681797,135.1704645
5,兵庫,小,エンジェルキッズ神戸園,新開地3‐1-14　ウィステリア神戸駅前1F,945-7667,19,生後6か月～満3歳未満,2歳児クラス,7時,~18時,8時半,~16時半,7時,19時,,https://www.serio-corp.com/nursery/parents/list/ak_kobe/,34.67826,135.1733445
5,兵庫,小,小規模保育園　クーナ,中道通1-4-26　エムズレジデンス神戸1Ｆ,521-5597,12,生後6か月～満3歳未満,2歳児クラス,7時半,~18時半,8時半,~16時半,7時半,18時半,○,https://yurikago-ed.jp/cuna/,34.67754,135.1675305
5,兵庫,小,小規模保育事業　わろは保育園,羽坂通3-7-25　1F・2F,531-7730,19,満1歳～満3歳未満,2歳児クラス,8時,~19時,8時,~16時,8時,20時,○,https://kobe-city.mamafre.jp/archives/nursery/仮称小規模保育事業%e3%80%80ワロハ保育園/,34.669989,135.16569
5,兵庫,小,木下の保育園 大開通,大開通5-2-26 SS大開ビル2F,512-2381,19,生後6か月～満3歳未満,2歳児クラス,7時,~18時,9時,~17時,7時,19時,,https://www.kinoshita-hoiku.com/facility/daikaidori,34.673175,135.16542
5,兵庫,小,大慈さち小規模保育園,新開地6丁目1-5-101,512-0711,19,生後6か月～満3歳未満,2歳児クラス,7時,~18時,9時,~17時,7時,19時,,,34.676157,135.175516
5,兵庫,小,小規模保育園かえで,雪御所町2-18-302,224-5505,12,生後6か月～満3歳未満,2歳児クラス,7時半,~18時半,8時半,~16時半,7時,20時,○,,34.689658,135.165088
4,北,幼こ,認定こども園　鈴蘭台幼稚園,鈴蘭台南町1-2-15,591-0617,*90,1歳6か月～,5歳児クラス,7時半,~18時半,9時,~17時,7時,19時,,http://suzuran.genki-123.ed.jp/,34.724097,135.1434645
4,北,幼こ,認定こども園　ひよどり台幼稚園,ひよどり台5-2,743-2061,*10,3歳児クラス,5歳児クラス,8時,~19時,8時,~16時,7時半,19時,,http://hiyodoridai.kodomo-japan.com/,34.701417,135.122085
4,北,幼こ,認定こども園　正英幼稚園,泉台5-11,593-3176,*50,2歳児クラス,5歳児クラス,7時半,~18時半,8時半,~16時半,7時,19時,,https://www.u-seiei.ed.jp/,34.73883,135.1330245
4,北,連こ,認定こども園　このみ保育園,山田町下谷上字箕谷21-1,583-2203,*70,生後6か月,5歳児クラス,7時半,~18時半,9時,~17時,7時,19時,○,http://www.konomi-hoiku.jp/,34.7573017,135.1552488
4,北,連こ,幼保連携型認定こども園　星和台幼稚園,星和台2-16-13,593-9100,*80,1歳児クラス,5歳児クラス,8時,~19時,9時,~17時,7時,19時,,http://www.goyougakuen.ed.jp/index.html,34.719219,135.1272015
4,北,連こ,幼保連携型認定こども園　五葉幼稚園,北五葉3-7-2,591-0718,*165,1歳児クラス,5歳児クラス,8時,~19時,9時,~17時,7時,19時,,http://www.goyougakuen.ed.jp/,34.73037,135.1375155
4,北,連こ,幼保連携型認定こども園　みどりこども園,日の峰1-20-1,581-7077,*110,生後6か月,5歳児クラス,7時,~18時,8時,~16時,7時,19時,○,http://midori-fukushikai.or.jp/midori/,34.759584,135.147195
4,北,連こ,幼保連携型認定こども園　鈴蘭台北町こども園,鈴蘭台北町6-1-18,592-5911,*90,生後6か月,5歳児クラス,7時,~18時,8時半,~16時半,7時,19時,○,http://okkouyama-fukushikai.or.jp/suzurandai/index.html,34.728631,135.154097
4,北,連こ,認定こども園　頌栄保育園,鳴子2-11-2,593-3893,*90,生後6か月,5歳児クラス,7時,~18時,8時半,~16時半,7時,19時,○,https://www.shoei-hoikuen.ed.jp/index.htm,34.722108,135.126297
4,北,連こ,幼保連携型認定こども園　山のまち,緑町2-7-19,581-1121,*100,生後6か月,5歳児クラス,7時,~18時,8時半,~16時半,7時,19時,○,http://www.okkouyama-fukushikai.or.jp/yamanomachi/index.html,34.750827,135.1487115
4,北,連こ,認定こども園　太陽の子保育園,惣山町1-7-5,593-6619,*120,生後6か月,5歳児クラス,7時,~18時,9時,~17時,7時,18時半,○,http://taiyonokohoikuen.com/index.html,34.7346,135.1513755
4,北,連こ,認定こども園　西鈴蘭台頌栄保育園,南五葉2-3-11,592-4105,*120,生後6か月,5歳児クラス,7時,~18時,8時半,~16時半,7時,19時,,https://www.shoei-hoikuen.ed.jp/nishisuzu/index.html,34.725663,135.131994
3,北,連こ,幼保連携型認定こども園　桜の宮こども園,北区甲栄台2-2-10,594-3715,120,生後6か月,5歳児クラス,7時,~18時,8時半,~16時半,7時,19時,○,,34.741938,135.149258
3,北,公保,君影保育所,君影町5-1-17,593-8550,69,1歳児クラス,5歳児クラス,7時半,~18時半,8時半,~16時半,7時,18時半,,https://kobe-city.mamafre.jp/archives/facility/君影保育所/,34.718535,135.13959
3,北,公保,鈴蘭台西町保育所,鈴蘭台西町3-6-23,595-0170,90,生後6か月,5歳児クラス,7時半,~18時半,8時半,~16時半,7時,18時半,,https://kobe-city.mamafre.jp/archives/facility/鈴蘭台西町保育所/,34.728741,135.14049
3,北,公保,ひよどり台保育所,ひよどり台2-1-4,743-1850,110,生後6か月,5歳児クラス,7時半,~18時半,8時半,~16時半,7時,18時半,○,https://kobe-city.mamafre.jp/archives/facility/ひよどり台保育所/,34.698771,135.1205595
3,北,公保,鈴蘭台南町保育所,鈴蘭台南町4-2-28,592-6030,120,生後6か月,5歳児クラス,7時半,~18時半,8時半,~16時半,7時,18時半,,https://kobe-city.mamafre.jp/archives/facility/鈴蘭台南町保育所/,34.72326,135.1376955
3,北,保,鈴蘭台しらゆり保育園,鈴蘭台東町5-8-16,594-4150,50,生後6か月,5歳児クラス,7時,~18時,8時,~16時,7時,19時,,https://kobe-city.mamafre.jp/archives/facility/鈴蘭台しらゆり保育園/,34.724862,135.149526
3,北,保本,谷上保育園,谷上東町1-1 谷上SHビル4・5Ｆ,586-5866,90,生後6か月,5歳児クラス,7時半,~18時半,9時,~17時,7時,19時,○,https://www.shintetsu.co.jp/life/hoiku/tanigami/index.html,34.761537,135.1707075
3,北,保分,きらら分園,谷上西町1-32,586-3017,20,生後6か月,5歳児クラス,7時半,~18時半,9時,~17時,7時,19時,○,https://kobe-city.mamafre.jp/archives/facility/谷上保育園きらら分園/,34.761897,135.1705995
3,北,保,すずらんキッズ保育園,鈴蘭台南町1?4?40,591-2637,30,生後6か月,2歳児クラス,7時半,~18時半,9時,~17時,7時,19時,○,http://suzurankids.ed.jp/,34.723944,135.143064
3,北,保,小倉台ひまわり保育園,小倉台1-16-5　ソーシャルコート神戸北1Ｆ,586-3310,84,生後6か月,5歳児クラス,7時半,~18時半,8時半,~16時半,7時半,19時,○,http://social-l.com/hoiku/index.html,34.754958,135.163287
3,北,保,はるのみ保育園,谷上東町12-27,581-5555,50,生後57日,5歳児クラス,7時,~18時,9時,~17時,7時,19時,,https://momonomi.jp/harunomi/index.html,34.76336835,135.1747877
5,北,家,村上　赤ちゃんホーム,星和台7,※,5,生後7週目～満1歳未満,0歳児クラス,-,-,8時,~16時,8時,18時,,https://kobe-city.mamafre.jp/archives/facility/村上%e3%80%80赤ちゃんホーム/,34.72534801,135.1214406
5,北,家,赤ちゃんホームもものみ,鈴蘭台西町4-9-12,※,5,生後7週目～満1歳未満,0歳児クラス,-,-,10時,~18時,8時,18時,,https://momonomi.jp/about.html,34.728813,135.140805
5,北,小,小規模保育園　北鈴どんぐり園,若葉台1?10?19,907?6335,12,生後6か月～満3歳未満,2歳児クラス,7時半,~18時半,8時半,~16時半,7時半,19時,○,http://suzurankids.ed.jp/kitasuzu/,34.741557,135.1526265
5,北,小,アートチャイルドケア神戸谷上,谷上東町3-11　ザ・谷上駅前レジデンス　1Ｆ,586-1388,19,生後6か月～満3歳未満,2歳児クラス,7時半,~18時半,9時,~17時,7時半,19時,,https://www.the0123child.com/personal/2529/,34.762176,135.1719765
5,北,小,小規模保育園　すずきた,北五葉1-13-1　レ・アールビル1Ｆ,596-6980,12,生後6か月～満3歳未満,2歳児クラス,7時,~18時,8時半,~16時半,7時,19時,○,http://www.okkouyama-fukushikai.or.jp/suzukita/index.html,34.727085,135.136557
5,北,小,小規模保育園 しょうえい,鈴蘭台東町1-12-13 2F,907-5817,12,生後6か月～満3歳未満,2歳児クラス,7時,~18時,8時半,~16時半,7時,18時半,○,https://shoei-hoikuen.ed.jp/shokibohoikuenshoei/,34.723512,135.146529
5,北,事,さくら保育園,山田町小部字惣六畑山8-18 ,596-6632,20　内地域枠８,生後6か月～満3歳未満,2歳児クラス,7時半,~18時半,8時半,~16時半,7時半,18時半,,https://happyage.co.jp/nursery/sakura/,34.737084,135.160821
4,北神,連こ本,幼保連携型　明照認定こども園,有野台6-22,982-7004,*100,生後6か月,5歳児クラス,7時,~18時,9時,~17時,7時,19時,○,http://www.meisyo-kobe.jp/idea.html,34.81153324,135.2330213
3,北神,連こ分,あおい分園,藤原台中町6-17-7,595-8008,41,生後6か月,5歳児クラス,7時,~18時,9時,~17時,7時,19時,○,,34.81699,135.215099
4,北神,連こ,幼保連携型　つきかげ認定こども園,藤原台中町2-5-1,987-4154,*70,生後6か月,5歳児クラス,7時,~18時,9時,~17時,7時,19時,○,http://www.tsukikage-kobe.jp/,34.818462,135.2184705
4,北神,連こ,幼保連携型認定　星の杜こども園,鹿の子台南町1-2-15,952-0415,*80,1歳児クラス,5歳児クラス,7時半,~18時半,8時,~16時,7時,19時,○,http://www.aishinkai.ne.jp/shisetugaiyou/#ga1,34.852104,135.214245
4,北神,連こ,幼保連携型認定こども園　キッズキャンパス,藤原台南町1-7-5,982-6300,*80,生後6か月,5歳児クラス,7時半,~18時半,8時半,~16時半,7時半,18時半,○,http://arinodai.ed.jp/enter/kidscampus.html,34.811973,135.2101725
4,北神,連こ,幼保連携型認定こども園　八多保育園,八多町下小名田320-1,951-0302,*140,生後6か月,5歳児クラス,7時,~18時,9時,~17時,7時,19時,○,http://hatahoikuen.com/,34.844031,135.214686
4,北神,連こ,幼保連携型認定　星の子こども園,鹿の子台北町3-2-24,951-1152,*150,生後6か月,5歳児クラス,7時半,~18時半,8時,~16時,7時,19時,○,http://www.aishinkai.ne.jp/shisetugaiyou/#ga1,34.858296,135.220599
4,北神,連こ,幼保連携型認定こども園　ひとみ保育園,藤原台北町6-18-36,984-2468,*100,生後6か月,5歳児クラス,7時,~18時,9時,~17時,7時,19時,○,https://hitomi-hoiku.jp/,34.8336,135.22401
4,北神,連こ本,認定こども園　神戸鹿の子幼稚園,鹿の子台北町6-34-2,951-9901,*100,生後6か月,5歳児クラス,7時半,~18時半,8時半,~16時半,7時半,19時,,https://kobe-kanoko.net/,34.862238,135.218646
3,北神,連こ分,認定こども園神戸鹿の子幼稚園　分園神戸鹿の子道場南口園,道場町日下部1522番,597-6002,20,満1歳,2歳児クラス,7時半,~18時半,8時半,~16時半,7時半,19時,,,34.856777,135.227425
4,北神,連こ本,幼保連携型認定　いつくしみこども園,道場町日下部1615-3,951-6700,*60,生後6か月,5歳児クラス,7時,~18時,9時,~17時,7時,19時,○,,34.857603,135.2251665
3,北神,連こ分,かがやき分園,道場町日下部1621,951-6710,38,生後6か月,5歳児クラス,7時,~18時,9時,~17時,7時,19時,○,https://kobe-city.mamafre.jp/archives/facility/小規模保育%e3%80%80かがやき保育園/,34.85736,135.2247975
4,北神,幼こ,認定こども園　六甲藤原台幼稚園,藤原台中町3-17-2,981-3301,*70,2歳児クラス,5歳児クラス,7時半,~18時半,8時,~16時,7時半,19時,,http://www2.shosenkan.ed.jp/~rokko-f/,34.820469,135.2168505
4,北神,幼こ,認定こども園　北六甲幼稚園,有野台3-12,981-0135,*30,2歳児クラス,5歳児クラス,7時半,~18時半,8時半,~16時半,7時半,18時半,,https://kobe-city.mamafre.jp/archives/facility/北六甲幼稚園/,34.814907,135.2270655
3,北神,公保,からと保育所,唐櫃台2-38-5,981-5448,100,生後6か月,5歳児クラス,7時半,~18時半,8時半,~16時半,7時,18時半,,https://kobe-city.mamafre.jp/archives/facility/からと保育所/,34.79013,135.214785
3,北神,保,道場保育園,道場町道場106,951-3861,90,生後6か月,5歳児クラス,7時,~18時,8時,~16時,7時,19時,○,http://dojyohoikuen.com/,34.864121,135.2300851
3,北神,保,有馬保育園,有馬町1644,904-4190,90,生後6か月,5歳児クラス,7時,~18時,9時,~17時,7時,19時,○,http://www.umearimahoikuen.net/,34.795746,135.2500965
3,北神,保,大池保育園,西大池1-21-11,583-0101,70,生後6か月,5歳児クラス,7時,~18時,8時半,~16時半,7時,19時,○,http://www.ohikehoikuen.com/index.html,34.775649,135.195705
3,北神,保,オリンピア神戸北保育園,上津台6-1-1,986-0820,130,生後6か月,5歳児クラス,7時,~18時,8時半,~16時半,7時,19時,○,https://www.olympia.or.jp/保育事業/オリンピア神戸北保育園/,34.865352,135.193554
3,北神,保,くりの木保育園,藤原台北町3-16-20,987-4190,60,生後6か月,5歳児クラス,7時,~18時,9時,~17時,7時,19時,○,,34.8278875,135.2206043
5,北神,家,岡田　赤ちゃんホーム,西山1,※,5,生後7週目～満1歳未満,0歳児クラス,-,-,8時,~16時,8時,18時,,https://kobe-city.mamafre.jp/archives/facility/=岡田%e3%80%80赤ちゃんホーム/,34.83700038,135.2189894
5,北神,小,しんてつ・おかば園,有野町有野2261-2,981-8201,12,生後6か月～満3歳未満,2歳児クラス,7時半,~18時半,8時半,~16時半,7時半,18時半,,https://www.shintetsu.co.jp/life/hoiku/okaba/index.html,34.820442,135.2220615
5,北神,小,パンダこうとく保育園,淡河町野瀬457-1,958-0575,12,生後6か月～満3歳未満,2歳児クラス,7時半,~18時半,9時,~17時,7時,19時,○,http://tennoudani.com/pandakoutoku/,34.822125,135.1507725
5,北神,小,こぐまプリスクール北神戸園,八多町中1150　グリーンガーデンモール北神戸内,951-1718,12,生後6か月～満3歳未満,2歳児クラス,7時半,~18時半,8時,~16時,7時,19時,○,http://ps.kogumakoguma.jp/,34.850628,135.2190105
5,北神,小,小規模保育園　ほしぞら,道場町日下部1019-1　グランデュール北神戸1F,951-1154,12,生後6か月～満3歳未満,2歳児クラス,7時半,~18時半,8時,~16時,7時半,18時半,○,http://www.aishinkai.ne.jp/shisetugaiyou/#ga3,34.85691,135.223443
5,北神,小,こぐまプリスクール岡場園,藤原台中町2-16-9　トーショクビル101,595-7673,12,生後6か月～満3歳未満,2歳児クラス,7時半,~18時半,8時半,~16時半,7時,19時,○,http://ps.kogumakoguma.jp/,34.820685,135.219438
5,北神,小,小規模保育園ステラ　?,鹿の子台南町1-3-3,951-4155,19,生後6か月～満2歳未満,1歳児クラス,7時半,~18時半,8時,~16時,7時,19時,○,http://www.aishinkai.ne.jp/shisetugaiyou/#ga4,34.852275,135.214794
5,北神,小,神戸鹿の子KITA,有野中町1-20-13　本岡ビル2番館,595-7575,12,満1歳～満3歳未満,2歳児クラス,7時半,~18時半,8時半,~16時半,7時半,19時,○,https://kobe-kanokokita.business.site/,34.823448,135.2232855
5,北神,事,いちご保育園（恒生病院）,道場町日下部1664,952-3361,19　内地域枠5,生後6か月～満3歳未満,2歳児クラス,8時,~19時,9時,~17時,8時,19時,○,http://rokushinkai.org/ichigo-hoikuen/sisetu.html,34.85529,135.224127
5,北神,事,有野ひだまり保育園,有野中町2-9-4,981-7271,12　内地域枠9,生後6か月～満3歳未満,2歳児クラス,7時半,~18時半,9時,~17時,7時,19時,,,34.825842,135.225468
4,長田,幼こ,幼稚園型認定こども園　丸山小羊幼稚園,西丸山町2-3-34,621-9424,*10,3歳児クラス,5歳児クラス,7時,~18時,8時半,~16時半,7時,19時,○,https://maruyamakohitsuji.com/,34.685541,135.138843
4,長田,連こ,幼保連携型認定こども園　けやき保育園,大日丘町3-10-9,643-0112,*60,生後6か月,5歳児クラス,7時半,~18時半,8時半,~16時半,7時,19時,○,http://www.keyaki-kobe.or.jp/outline.html,34.68969,135.1352475
4,長田,連こ,認定こども園　神戸保育園,水笠通3-4-14,621-2855,*80,生後6か月,5歳児クラス,7時,~18時,8時半,~16時半,7時,19時,○,https://www.kobe-hoiku.com/,34.65979755,135.1434019
4,長田,連こ,幼保連携型認定こども園　たから保育園,東尻池町4-13-11,651-5211,*110,生後6か月,5歳児クラス,7時,~18時,8時半,~16時半,7時,19時,○,https://takara-kodomo.jp/,34.659279,135.157023
4,長田,連こ,認定こども園　神楽こども園,神楽町2-2-29,691-4600,*80,生後6か月,5歳児クラス,7時,~18時,8時半,~16時半,7時,19時,○,https://www.kagura-hoiku.com/,34.660872,135.150138
4,長田,連こ,神戸エンゼル認定こども園,長楽町4-4-3,732-7887,*60,生後6か月,5歳児クラス,7時,~18時,8時半,~16時半,7時,19時,○,https://www.ans.co.jp/n/kobeenzerukodomoen/outline.html,34.649541,135.1373175
4,長田,連こ,幼保連携型認定こども園　名倉幼稚園,長田天神町1-17-13,691-0473,*40,1歳児クラス,5歳児クラス,8時,~19時,8時,~16時,7時,19時,,https://www.nagura-youchien.com/hiyoko.html,34.68064,135.146191
4,長田,連こ本,幼保連携型認定こども園　近田幼稚園,駒栄町4-1-11,611-1344,*120,2歳児クラス,5歳児クラス,8時,~19時,8時,~16時,7時,20時,○,http://www.chikata.ed.jp/,34.652286,135.150597
3,長田,連こ分,分園ちかたキッズハウス,庄田町3-5-25,611-1344,30,生後10か月,1歳児クラス,8時,~19時,8時,~16時,7時,20時,○,http://www.astok.ne.jp/~chikacgi/newcgi/enter/index.php,34.652943,135.1505025
4,長田,連こ,幼保連携型認定こども園　新生こども園,平和台町2-1-23,621-3954,*60,生後6か月,5歳児クラス,7時,~18時,8時半,~16時半,7時,19時,○,https://shinsei-kodomoen.com/tokushokuhoiku.html,34.666324,135.134302
4,長田,連こ,幼保連携型認定こども園　五位の池こども園,五位ノ池町2-1-9,621-1801,*80,生後6か月,5歳児クラス,7時,~18時,8時半,~16時半,7時,19時,○,http://goinoikekodomoen.com/,34.665066,135.136953
4,長田,連こ,幼保連携型認定こども園　ほそだ,細田町5-2-4,641-6666,*140,生後6か月,5歳児クラス,7時,~18時,8時半,~16時半,7時,19時,○,http://ayumi.or.jp/hosodahoiku/,34.660764,135.146133
3,長田,連こ,幼保連携型認定こども園　名倉みふね幼稚園,名倉町2-５-5,691-8440,*40　内ステーション利用者枠30,3歳児クラス,5歳児クラス,7時半,~18時半,9時,~17時,7時半,19時,○,https://mifuneyouchien.com/index.html,34.677913,135.144618
3,長田,公保,長田保育所,大塚町1-1-31,691-7243,54,1歳児クラス,5歳児クラス,7時半,~18時半,8時半,~16時半,7時,18時半,,https://kobe-city.mamafre.jp/archives/facility/長田保育所/,34.670412,135.150723
3,長田,公保,菅原保育所,菅原通1-72-1,576-0234,120,生後6か月,5歳児クラス,7時半,~18時半,8時半,~16時半,7時,18時半,○,https://kobe-city.mamafre.jp/archives/facility/菅原保育所/,34.666344,135.158283
3,長田,公保,本庄保育所,本庄町6-6-3,731-5803,90,生後6か月,5歳児クラス,7時半,~18時半,8時半,~16時半,7時,18時半,,https://kobe-city.mamafre.jp/archives/facility/本庄保育所/,34.649019,135.139914
3,長田,公保,駒栄保育所,駒栄町3-1-17,641-7555,139,生後6か月,5歳児クラス,7時半,~18時半,8時半,~16時半,7時,18時半,,https://kobe-city.mamafre.jp/archives/facility/駒栄保育所/,34.652601,135.1511595
3,長田,公保,房王寺保育所,房王寺町5-1-5-100,643-2301,142,生後6か月,5歳児クラス,7時半,~18時半,8時半,~16時半,7時,19時,,https://kobe-city.mamafre.jp/archives/facility/房王寺保育所/,34.680384,135.148734
3,長田,公保,明泉寺保育所,明泉寺町1-6-8,641-4700,120,生後6か月,5歳児クラス,7時半,~18時半,8時半,~16時半,7時,18時半,,https://kobe-city.mamafre.jp/archives/facility/明泉寺保育所/,34.679205,135.1443645
3,長田,公保,長田東保育所,四番町3-4-49,577-7536,54,1歳児クラス,5歳児クラス,7時半,~18時半,8時半,~16時半,7時,18時半,,https://kobe-city.mamafre.jp/archives/facility/長田東保育所/,34.670727,135.1557855
3,長田,公保,浪松保育所,浪松町2-1-7,-,120,-,-,-,-,-,-,-,-,,,34.650936,135.135216
3,長田,公保,しりいけ保育所,東尻池町6-3-37,651-4192,120,生後6か月,5歳児クラス,7時半,~18時半,8時半,~16時半,7時,18時半,,https://kobe-city.mamafre.jp/archives/facility/しりいけ保育所/,34.657011,135.157401
3,長田,公保,ふたば保育所,二葉町7-1-30,621-8561,139,生後6か月,5歳児クラス,7時半,~18時半,8時半,~16時半,7時,19時,,https://kobe-city.mamafre.jp/archives/facility/ふたば保育所/,34.652187,135.146322
3,長田,保,神視保育園,三番町4-8,576-4249,135,生後6か月,5歳児クラス,7時,~18時,9時,~17時,7時,19時,○,https://www.ans.co.jp/n/shinshinursery/,34.668336,135.15426
3,長田,保,みすまる保育園,池田広町3,691-6220,120,生後6か月,5歳児クラス,7時,~18時,9時,~17時,7時,19時,○,http://www.misumaruhoikuen.com/,34.668414,135.1471905
5,長田,家,豊福　赤ちゃんホーム,宮川町4-8-7,※,3,生後7週目～満1歳未満,0歳児クラス,-,-,8時,~16時,8時,17時半,,https://kobe-city.mamafre.jp/archives/facility/豊福%e3%80%80赤ちゃんホーム/,34.671897,135.1454625
5,長田,小,こぐまプリスクール新長田園,若松町3-1-2　アスタピア駅前通り2Ｆ,642-7328,19,生後6か月～満3歳未満,2歳児クラス,7時半,~18時半,8時,~16時,7時,19時,○,http://ps.kogumakoguma.jp/,34.656813,135.1468305
5,長田,小,ほそだの実,大橋町5-3-1　アスタプラザイースト215,691-1112,12,生後6か月～満3歳未満,2歳児クラス,7時,~18時,8時半,~16時半,7時,19時,○,https://kobe-city.mamafre.jp/archives/facility/ほそだの実/,34.654995,135.1456065
5,長田,小,ちかたキリン保育園,若松町5-2-1アスタプラザファースト2F,647-8742,12,生後10か月～満3歳未満,2歳児クラス,8時,~19時,8時,~16時,7時半,19時半,,,34.655931,135.1453455
4,須磨,幼こ,認定こども園　禅昌寺幼稚園,禅昌寺町2-5-1,732-0944,*20,3歳児クラス,5歳児クラス,-,-,9時,~17時,8時半,18時,,http://www.zensyoji.ed.jp/,34.669125,135.1283895
4,須磨,幼こ,幼稚園型認定こども園　須磨浦幼稚園,千守町2-1-8,731-2104,*20,3歳児クラス,5歳児クラス,7時,~18時,9時,~17時,7時,19時,,http://sumaura.ed.jp/kindergarten/,34.645482,135.1128375
4,須磨,連こ,幼保連携型認定こども園　若木こども園,若木町1-2―29,734-6281,*80,生後6か月,5歳児クラス,7時,~18時,8時半,~16時半,7時,19時,○,http://www.wakagi-wakatake.ed.jp/wakagi/,34.655616,135.1275975
4,須磨,連こ,幼保連携型認定こども園　大手幼稚園,大手町7-1-1,731-0128,*60,2歳児クラス,5歳児クラス,7時半,~18時半,7時半,~15時半,7時,19時,,http://oteyochien.ed.jp/,34.659999,135.128601
4,須磨,連こ,幼保連携型認定こども園　西須磨幼稚園,桜木町2-2-1,731-2922,*100,1歳児クラス,5歳児クラス,7時,~18時,8時半,~16時半,7時,19時,○,http://www.nishisuma-k.ed.jp/,34.647975,135.116694
4,須磨,連こ,幼保連携型認定こども園　神戸YMCAちとせ幼稚園,高倉台4-12,732-3542,*20,3歳児クラス,5歳児クラス,7時半,~18時半,8時半,~16時半,7時,19時,,https://kobeymca.org/chitoseyochien/,34.656336,135.102474
3,須磨,連こ本,幼保連携型認定こども園　東須磨愛児園　,若木町3-6-25,733-7712,40,3歳児クラス,5歳児クラス,7時,~18時,9時,~17時,7時,19時,○,https://higashisuma-hoiku.jp/,34.656633,135.12384
3,須磨,連こ分,分園,若木町3-7-3,733-7712,30,生後6か月,2歳児クラス,7時,~18時,9時,~17時,7時,19時,○,https://higashisuma-hoiku.jp/,34.655841,135.1240245
4,須磨,連こ本,幼保連携型認定こども園　村雨こども園,行幸町1-2-26,733-4363,*120,生後6か月,5歳児クラス,7時,~18時,8時半,~16時半,7時,19時,○,https://murasame-kobe.com/,34.64472348,135.1239139
3,須磨,連こ分,愛分園,行幸町1-2-5　メゾン須磨2000 1F,735-7008,12,生後6か月,1歳児クラス,7時,~18時,8時半,~16時半,7時,19時,,https://murasame-kobe.com/aibunen,34.644519,135.123912
3,須磨,連こ分,なぎさ分園,行幸町1-2-19,733-2155,30,生後6か月,5歳児クラス,7時,~18時,8時半,~16時半,7時,19時,,https://murasame-kobe.com/nagisa,34.64514997,135.1239228
4,須磨,連こ,幼保連携型認定こども園　いたやど保育園,大田町1-3-24,735-3660,*70,生後6か月,5歳児クラス,7時,~18時,8時半,~16時半,7時,19時,○,http://www.deai-fukushikai.com/itayado/index.html,34.659171,135.137493
4,須磨,連こ,幼保連携型認定こども園　ちとせこども園,千歳町4-3-36,735-0761,*120,生後6か月,5歳児クラス,7時,~18時,8時半,~16時半,7時,19時,○,http://chitose-ho.jp/,34.654833,135.1375605
4,須磨,連こ,幼保連携型認定こども園　神戸女子大学附属高倉台幼稚園,高倉台4-2,734-1767,*20,生後6か月,5歳児クラス,7時半,~18時半,8時半,~16時半,7時半,19時,,https://kindergarten.yg.kobe-wu.ac.jp/,34.65718,135.104719
3,須磨,公保,須磨保育所,大黒町4-1-2,732-4842,232,生後6か月,5歳児クラス,7時半,~18時半,8時半,~16時半,7時,19時,○,https://kobe-city.mamafre.jp/archives/facility/須磨保育所/,34.658388,135.1333125
3,須磨,公保,たかとり保育所,行平町2-2-17,733-4000,54,生後6か月,5歳児クラス,7時半,~18時半,8時半,~16時半,7時,18時半,,https://kobe-city.mamafre.jp/archives/facility/たかとり保育所/,34.649505,135.13338
3,須磨,公保,高倉台保育所,高倉台4-1-3,734-0092,90,生後6か月,5歳児クラス,7時半,~18時半,8時半,~16時半,7時,18時半,,https://kobe-city.mamafre.jp/archives/facility/高倉台保育所/,34.656939,135.105237
3,須磨,保,太田共同保育園,大黒町5-2ー13,736-3688,60,生後6か月,5歳児クラス,7時,~18時,9時,~17時,7時,19時,○,https://www.oota-hoikuen.or.jp/oota/,34.657929,135.131994
3,須磨,保,すまいる保育園,高倉町1-6-24,731-7076,90,生後6か月,5歳児クラス,7時,~18時,8時半,~16時半,7時,19時,○,https://kobe-city.mamafre.jp/archives/facility/すまいる保育園/,34.647156,135.107964
3,須磨,保本,若宮保育園,若宮町3-3-17,735-3277,50,3歳児クラス,5歳児クラス,7時,~18時,8時半,~16時半,7時,19時,○,http://www.azisaikai.com/wakamiya.html,34.645383,135.129825
3,須磨,保分,わかみや分園,松風町５丁目２－９,754-7779,30,生後6か月,2歳児クラス,7時,~18時,8時半,~16時半,7時,19時,○,,34.646971,135.126739
3,須磨,保,たかとりちどり保育園,大池町5-10-15,732-2500,80,生後6か月,5歳児クラス,7時,~18時,8時半,~16時半,7時,19時,○,https://www.chidori.or.jp/facility/hoiku_takatori/,34.653753,135.137115
5,須磨,家,大池　赤ちゃんホーム,戎町5,※,5,生後7週目～満3歳未満,2歳児クラス,-,-,8時,~16時,8時,17時半,,https://kobe-city.mamafre.jp/archives/facility/大池%e3%80%80赤ちゃんホーム/,34.65637232,135.1317372
5,須磨,家,髙月赤ちゃんホーム,東町2,※,4,生後7週目～満3歳未満,2歳児クラス,-,-,8時,~16時,8時,18時半,,,34.65333943,135.1272191
5,須磨,家,小原　赤ちゃんホーム,飛松町4,※,4,生後7週目～満1歳未満,0歳児クラス,-,-,8時,~16時,8時,17時半,,https://kobe-city.mamafre.jp/archives/facility/小原%e3%80%80赤ちゃんホーム/,34.66015556,135.1313596
5,須磨,小,村雨ほほえみ保育園,須磨浦通5-6-20　須磨の浦ビューハイツ1F,647-8484,19,生後6か月～満3歳未満,2歳児クラス,7時,~18時,8時半,~16時半,7時,19時,○,https://murasame-kobe.com/hohoemi,34.642944,135.1115955
5,須磨,小,こぐまプリスクール板宿園,川上町3-1-20ゴールド・リバー板宿1階,797-5514,12,生後6か月～満3歳未満,2歳児クラス,7時半,~18時半,8時半,~16時半,7時,19時,○,http://ps.kogumakoguma.jp/,34.664283,135.1295865
5,須磨,小,新生キッズホーム,平田町2-3-9　新板宿ビル302号,739-1023,12,生後6か月～満3歳未満,2歳児クラス,7時半,~18時半,8時半,~16時半,7時,19時,○,http://www.shinsei-kidshome.com/,34.660593,135.1339875
5,須磨,小,神戸市小規模保育事業　西須磨わかば園  ?,桜木町1-4-23,731-2922,12,1歳児クラス～満3歳未満,2歳児クラス,7時,~18時,8時半,~16時半,7時,18時,,,34.647687,135.1167705
5,須磨,小,いたやど小規模保育園ことり,大黒町4-1-1（須磨区役所2階）,754-7716,19,生後6か月～満3歳未満,2歳児クラス,7時,~18時,8時半,~16時半,7時,19時,○,http://www.deai-fukushikai.com/kotori/index.html,34.65864,135.1337175
5,須磨,小,たかとりちどりキッズ,大池町5-17-1　シティタワーグラン須磨鷹取1F,739-5051,19,生後6か月～満3歳未満,2歳児クラス,7時,~18時,8時半,~16時半,7時,19時,,https://www.chidori.or.jp/facility/hoiku_takatori_kids/,34.652439,135.134289
5,須磨,小,バンビHUG須磨駅前保育園,須磨浦通4-7-8   コットンボール須磨駅前ビル1F,732-3303,19,生後6か月～満3歳未満,2歳児クラス,7時半,~18時半,8時半,~16時半,7時,19時,○,,34.643635,135.113667
5,須磨,事,ヤクルトキッズスクール須磨,離宮西町1-1-13　須磨離宮前プラザ2F,767-8960,19　内地域枠5,生後6か月～満3歳未満,2歳児クラス,7時,~18時,8時,~16時,7時,19時,○,https://www.hyogo-yakult.jp/kids/,34.651017,135.1160865
4,北須磨,連こ,幼保連携型認定こども園　のぞみ保育園,西落合7-1-1,791-8446,*170,生後6か月,5歳児クラス,7時,~18時,8時半,~16時半,7時,19時,○,https://www.ans.co.jp/n/nozominursery/,34.681527,135.091134
4,北須磨,連こ,幼保連携型認定こども園　若竹こども園,南落合3-9-1,793-1112,*114,生後6か月,5歳児クラス,7時,~18時,8時半,~16時半,7時,19時,○,http://www.wakagi-wakatake.ed.jp/wakatake/,34.676811,135.10251
4,北須磨,連こ,幼保連携型認定こども園　名谷みどりこども園,中落合2-3-2,797-7077,*120,生後6か月,5歳児クラス,7時,~18時,8時半,~16時半,7時,20時,○,http://midori-fukushikai.or.jp/myodani/,34.679898,135.095787
4,北須磨,連こ,幼保連携型認定こども園　北須磨保育センター,友が丘3-107,792-0674,*110,生後6か月,5歳児クラス,7時,~18時,8時半,~16時半,7時,19時,○,http://kitasuma.ed.jp/,34.668279,135.094653
4,北須磨,連こ本,幼保連携型認定こども園　あじさいこども園,白川台4-20-20,792-2345,*60,2歳児クラス,5歳児クラス,7時,~18時,8時半,~16時半,7時,19時,○,http://www.azisaikai.com/ajisai.html,34.690977,135.1026945
3,北須磨,連こ分,分園あじさい,白川台3-67-19,795-5050,30,生後6か月,2歳児クラス,7時,~18時,8時半,~16時半,7時,19時,,http://www.azisaikai.com/ajisai.html,34.690626,135.101988
4,北須磨,連こ,幼保連携型認定こども園　やまびこ保育園,北落合2-11-15,791-3369,*150,生後6か月,5歳児クラス,7時,~18時,8時,~16時,7時,20時,○,http://www.tai-fukushi.com/yamabiko/,34.68798,135.0933795
3,北須磨,公保,菅の台保育所,菅の台4-6,791-0678,133,生後6か月,5歳児クラス,7時半,~18時半,8時半,~16時半,7時,19時,,https://kobe-city.mamafre.jp/archives/facility/菅の台保育所/,34.672482,135.0836055
3,北須磨,公保,竜が台保育所,竜が台1-11,792-8830,139,生後6か月,5歳児クラス,7時半,~18時半,8時半,~16時半,7時,19時,○,https://kobe-city.mamafre.jp/archives/facility/竜が台保育所/,34.676316,135.093645
3,北須磨,保,くすの木保育園,横尾1-10,743-1888,180,生後6か月,5歳児クラス,7時半,~18時半,9時,~17時,7時,19時,○,https://hoiku-kobe.jp/kusunoki/,34.673841,135.1101375
3,北須磨,保,北須磨第２保育園,妙法寺字荒打300-1,743-4780,80,生後6か月,5歳児クラス,7時,~18時,8時半,~16時半,7時,19時,○,http://www.kitasumahoiku-center.or.jp/hoiku2nd/index.htm,34.674516,135.1078965
3,北須磨,保,アイグラン保育園桜の杜,妙法寺字乗越208番4,754-5124,60,生後6か月,5歳児クラス,7時,~18時,8時半,~16時半,7時,19時半,,https://aigran.co.jp/nursery_list/9-0002/,34.677198,135.113409
3,北須磨,保,名谷フォレスト保育園,中落合2-1-19,793-7077,45,生後6か月～,5歳児クラス,7時,~18時,8時,~16時,7時,19時,○,,34.678988,135.096637
5,北須磨,家,堀切　赤ちゃんホーム,東白川台5,※,5,生後7週目～満1歳未満,0歳児クラス,-,-,8時,~16時,8時,17時半,,https://kobe-city.mamafre.jp/archives/facility/堀切%e3%80%80赤ちゃんホーム/,34.69456858,135.1101745
5,北須磨,小,神戸ゆたか園さくらのもり保育園,桜の杜1-6-1　Blooming place 1F,747-5118,19,生後6か月～満3歳未満,2歳児クラス,7時,~18時,8時,~16時,7時,19時,○,https://sakuranomori-hoiku.com/,34.677702,135.1156455
5,北須磨,事,神戸ゆたか園すまきた保育園,妙法寺字菅ノ池684-1,754-6817,19　内地域枠13,生後6か月～満3歳未満,2歳児クラス,7時,~18時,8時,~16時,7時,19時,○,,34.681796,135.110504
4,垂水,幼こ,認定こども園　湊川短期大学附属神陵台幼稚園,神陵台5-8-6,781-5321,*30,3歳児クラス,5歳児クラス,7時,~18時,8時,~16時,7時,19時,,http://minatogawa.ed.jp/shinryodai/index.html,34.658064,135.035478
4,垂水,幼こ,認定こども園　湊川短期大学附属西舞子幼稚園,南多聞台5-8-1,781-1558,*70,1歳児クラス,5歳児クラス,7時,~18時,8時,~16時,7時,19時,,http://minatogawa.ed.jp/nishimaiko/,34.654401,135.031077
4,垂水,幼こ,認定こども園　聖マリアの園幼稚園,舞子台8-20-2,781-7181,*20,満3歳,5歳児クラス,7時半,~18時半,9時,~17時,7時半,18時半,,https://www.seimarianosono.net/,34.641216,135.0325125
4,垂水,幼こ,幼稚園型認定こども園　愛垂幼稚園,瑞ケ丘6-13,707-3808,*40,1歳10か月,5歳児クラス,7時半,~18時半,9時,~17時,7時半,18時半,,http://ec-net1.jp/,34.63395139,135.0565779
4,垂水,幼こ,幼稚園型認定こども園　星陵台めぐみ幼稚園,星陵台4-2,783-4466,*15,3歳児クラス,5歳児クラス,7時半,~18時半,8時,~16時,7時半,18時半,,http://www.megumikg.ed.jp/wordpress/?page_id=5,34.643151,135.0467055
4,垂水,幼こ,幼稚園型認定こども園　舞子幼稚園,西舞子4-2-5,783-2424,*30,3歳児クラス,5歳児クラス,7時,~18時,8時,~16時,7時,19時,,https://kindergarten.maikogakuen.com/,34.642782,135.028926
4,垂水,連こ,幼保連携型認定こども園　多夢の森,南多聞台4-4-50,787-0939,*90,生後57日,5歳児クラス,7時,~18時,8時半,~16時半,7時,19時,○,https://www.mikarikai.jp/tamunomori,34.652007,135.0346275
4,垂水,連こ,幼保連携型認定こども園　夢の森,高丸6-3-1,704-3008,*60,生後57日,5歳児クラス,7時,~18時,8時半,~16時半,7時,19時,○,https://www.mikarikai.jp/yumenomori,34.638291,135.055701
4,垂水,連こ,幼保連携型　おとぎ認定こども園,美山台2-1-3,753-1126,*120,生後6か月,5歳児クラス,7時,~18時,8時半,~16時半,7時,19時,○,http://www.do-shin.jp/index.php?data=./data/l5/,34.63961451,135.0702921
4,垂水,連こ,幼保連携型認定こども園　花の森,名谷町1941-1,791-0601,*80,生後57日,5歳児クラス,7時,~18時,8時半,~16時半,7時,19時,○,https://www.mikarikai.jp/hananomori,34.664814,135.070326
4,垂水,連こ,幼保連携型認定こども園　心の森,清水が丘3-1-16,787-3500,*70　内ステーション利用者枠21   ,生後57日,5歳児クラス,7時,~18時,8時半,~16時半,7時,19時,○,https://www.mikarikai.jp/coconomori,34.650378,135.0349605
3,垂水,連こ,保育送迎ステーション森の駅,東舞子町10-1-303,781-0030,21,3歳児クラス,5歳児クラス,7時,~18時,8時半,~16時半,7時,19時,○,,34.633735,135.034355
4,垂水,連こ,幼保連携型認定こども園　明舞幼稚園,狩口台5-14-1,781-2345,*100,1歳児クラス,5歳児クラス,7時,~18時,8時半,~16時半,7時,19時,○,https://www.meimai-kindergarten.ed.jp/,34.648767,135.024417
4,垂水,連こ,幼保連携型認定こども園　塩屋幼稚園,塩屋町9-22-3,751-4114,*80,1歳児クラス,5歳児クラス,7時,~18時,8時半,~16時半,7時,19時,○,https://shioya-kindergarten.ed.jp/,34.639434,135.0810945
4,垂水,連こ,幼保連携型　小束山認定こども園,小束山本町2-13-1,783-0003,*129,生後6か月,5歳児クラス,7時,~18時,8時,~16時,7時,19時,○,https://kodukayama.ayumikai-hoiku.com/,34.66539,135.0617355
4,垂水,連こ,幼保連携型認定こども園　桃の木幼稚園,桃山台3-23-2,753-0123,*120,生後6か月,5歳児クラス,7時,~18時,8時,~16時,7時,19時,○,http://www.wako-kids.ed.jp/momonoki/,34.657047,135.081531
4,垂水,連こ,幼保連携型認定こども園　上高丸,高丸8-15-12,709-4018,*70,生後57日,5歳児クラス,7時,~18時,8時半,~16時半,7時,19時,○,https://www.mikarikai.jp/kamitakamaru,34.642791,135.05769
3,垂水,連こ,幼保連携型認定こども園　舞子保育園,西舞子2-12-27,782-6341,110,生後6か月,5歳児クラス,7時,~18時,8時,~16時,7時,19時,○,https://www.maikohoikuen.com/,34.641009,135.02907
4,垂水,連こ,幼保連携型認定こども園　しおやこども園,塩屋町3-23-1,753-4334,*60,生後6か月,5歳児クラス,7時,~18時,8時半,~16時半,7時,19時,○,http://shioya-ho.jp/,34.637463,135.08334
4,垂水,連こ,幼保連携型認定こども園　かすみがおか虹こども園,霞ヶ丘1-6-19,707-5554,*90,生後6か月,5歳児クラス,7時,~18時,8時半,~16時半,7時,19時,○,https://hinode.or.jp/establishment/kasumigaokaniji/,34.632963,135.0489105
4,垂水,連こ本,幼保連携型認定こども園　たけのこども園,山手2-3-18,753-7777,*60,生後6か月,5歳児クラス,7時,~18時,8時半,~16時半,7時,19時,○,http://takeno-ho.jp/,34.631073,135.0623925
3,垂水,連こ分,そら分園,中道2-3-5,755-1313,20,生後6か月,5歳児クラス,7時,~18時,8時半,~16時半,7時,19時,○,http://takeno-ho.jp/たけのの保育/,34.630695,135.060912
4,垂水,連こ本,幼保連携型認定こども園　多聞台こども園,多聞台3-9-13,781-2286,*100,生後6か月,5歳児クラス,7時,~18時,8時半,~16時半,7時,19時,○,https://kobe-city.mamafre.jp/archives/facility/仮称幼保連携型認定こども園%e3%80%80多聞台こども園/,34.662042,135.0404055
4,垂水,連こ分,多聞台こども園分園　舞多聞こども園,舞多聞西6-1-6,781-2233,*48,生後6か月,5歳児クラス,7時,~18時,8時半,~16時半,7時,19時,○,https://kobe-city.mamafre.jp/archives/facility/分園舞多聞こども園/,34.670106,135.052416
4,垂水,連こ,幼保連携型認定こども園　たかつか保育園,小束山手1-24-1,795-2424,*60,生後6か月,5歳児クラス,7時,~18時,8時半,~16時半,7時,19時,○,https://www.takatsuka2017.com/,34.675587,135.0650565
4,垂水,連こ,幼保連携型認定こども園　歌敷山保育園,歌敷山2-5-9,707-3369,*70,生後6か月,5歳児クラス,7時,~18時,8時,~16時,7時,19時,○,http://www.tai-fukushi.com/utashikiyama/,34.635474,135.0405765
4,垂水,連こ,幼保連携型認定こども園　滝の茶屋保育園,城が山1-6-22,753-3634,*90,生後6か月,5歳児クラス,7時,~18時,8時半,~16時半,7時,19時,○,http://takinochaya-ho.jp/,34.631073,135.0710595
4,垂水,連こ,幼保連携型認定こども園　たるみ保育園,平磯4-5-14,707-5888,*140,生後6か月,5歳児クラス,7時,~18時,8時,~16時,7時,19時,○,https://hoiku-kobe.jp/tarumi/,34.62867,135.0546525
4,垂水,連こ,幼保連携型認定こども園　ことぶきこども園,福田4-6-18,708-4882,*90,生後6か月,5歳児クラス,7時,~18時,8時半,~16時半,7時,19時,○,https://kobe-city.mamafre.jp/archives/facility/ことぶき保育園/,34.645581,135.0677745
4,垂水,連こ,幼保連携型認定こども園　かすがこども園,北舞子2-5-14,781-5888,*90,生後6か月,5歳児クラス,7時,~18時,8時半,~16時半,7時,19時,○,https://kobe-city.mamafre.jp/archives/facility/かすが保育園/,34.642827,135.0402705
4,垂水,連こ,幼保連携型認定こども園　千鳥が丘親和こども園,千鳥が丘3-23-25,705-2440,*120,生後6か月,5歳児クラス,7時,~18時,8時半,~16時半,7時,19時,○,http://www2.shinwa-n.ed.jp/~shinwa/chidori/,34.645149,135.058779
4,垂水,連こ,幼保連携型認定こども園　高丸幼稚園,大町5-1-10,707-3259,*40,2歳児クラス,5歳児クラス,7時半,~18時半,8時半,~16時半,7時半,18時半,,https://takamaru.ed.jp/,34.638408,135.0612855
4,垂水,連こ,幼保連携型認定こども園　霞ヶ丘幼稚園,五色山8-2-29,706-0055,*90,1歳児クラス,5歳児クラス,8時,~19時,8時,~16時,7時,19時,,http://kasumigaoka.ed.jp/index.htm,34.632396,135.0417555
4,垂水,連こ本,幼保連携型認定こども園　学が丘保育園,学が丘4-9-10,781-0303,*155,生後6か月,5歳児クラス,7時,~18時,9時,~17時,7時,19時,○,http://manabigaoka.com/index.html,34.659558,135.0582975
3,垂水,連こ分,分園,学が丘６-１-1,783-6811,55,生後6か月,5歳児クラス,7時,~18時,9時,~17時,7時,19時,○,http://www.manabigaoka.com/index.html,34.659216,135.0559665
3,垂水,連こ,幼保連携型認定こども園　彩の森,高丸6-５-４,708-0790,60,生後57日,5歳児クラス,7時,~18時,8時半,~16時半,7時,19時,○,,34.639044,135.056519
3,垂水,公保,奥ノ池保育所,狩口台3-1-5,781-6163,98,生後6か月,5歳児クラス,7時半,~18時半,8時半,~16時半,7時,19時,,https://kobe-city.mamafre.jp/archives/facility/奥ノ池保育所/,34.648875,135.0290745
3,垂水,公保,星陵台保育所,星陵台8-13-1,783-1434,57,1歳児クラス,5歳児クラス,7時半,~18時半,8時半,~16時半,7時,18時半,,https://kobe-city.mamafre.jp/archives/facility/星陵台保育所/,34.645014,135.0446355
3,垂水,公保,本多聞保育所,本多聞4-1-2,784-0213,141,生後6か月,5歳児クラス,7時半,~18時半,8時半,~16時半,7時,19時,○,https://kobe-city.mamafre.jp/archives/facility/本多聞保育所/,34.657524,135.0508365
3,垂水,公保,川原保育所,川原2-1-13,753-4775,116,生後6か月,5歳児クラス,7時半,~18時半,8時半,~16時半,7時,19時,,https://kobe-city.mamafre.jp/archives/facility/川原保育所/,34.630533,135.0582525
3,垂水,公保,東高丸保育所,東垂水1-1-3,753-5366,56,1歳児クラス,5歳児クラス,7時半,~18時半,8時半,~16時半,7時,18時半,,https://kobe-city.mamafre.jp/archives/facility/東高丸保育所/,34.637094,135.0679545
3,垂水,公保,向陽保育所,向陽1-3-25,708-0544,124,生後6か月,5歳児クラス,7時半,~18時半,8時半,~16時半,7時,18時半,○,https://kobe-city.mamafre.jp/archives/facility/向陽保育所/,34.643682,135.063279
3,垂水,保,東垂水保育園,山手7-4-7,753-1902,60,生後6か月,5歳児クラス,7時,~18時,8時半,~16時半,7時,19時,○,http://higashitarumi-ho.jp/,34.637517,135.0644175
3,垂水,保,ドレミキッズ保育園,舞子台2-9-5,784-8881,60,生後6か月,5歳児クラス,7時,~18時,9時,~17時,7時,19時,○,http://www.heartfield.jp/index.html,34.635672,135.03204
3,垂水,保,ひとまる保育園,本多聞1-20-40,784-5984,90,生後6か月,5歳児クラス,7時,~18時,8時半,~16時半,7時,19時,○,https://kobe-city.mamafre.jp/archives/facility/ひとまる保育園/,34.655967,135.041004
3,垂水,保,ハートランドCampus,舞子台7-3-7,784-1212,70　内ステーション利用者枠21   ,生後6か月,5歳児クラス,7時,~18時,8時半,~16時半,7時,19時,○,https://www.m2-corporation.co.jp/campus/,34.639614,135.0378585
3,垂水,保,ハートランドCampus マリンステーション,平磯１丁目2-5,787-3310,21,3歳児クラス,5歳児クラス,7時,~18時,7時,~18時,7時,19時,,,34.62805,135.059036
3,垂水,保,舞多聞よつば保育園,舞多聞西5-11-4,784-5333,30,生後6か月,5歳児クラス,7時半,~18時半,8時半,~16時半,7時半,18時半,○,,34.666902,135.04662
3,垂水,保,きゃんばす垂水保育園,仲田1－2－30,786-3407,60,生後6か月～,5歳児クラス,7時半,~18時半,8時半,~16時半,7時,20時,○,,34.632288,135.050819
3,垂水,保,垂水せんしん保育園,川原2-2-8,742-7994,50,生後6か月～,5歳児クラス,7時半,~18時半,8時,~16時,7時,19時半,○,,34.630782,135.0587898
3,垂水,保,ぐろうすきっず舞子台保育園,舞子台6-19-11,785-9130,50,生後6か月～,5歳児クラス,7時,~18時,8時半,~16時半,7時,19時,○,https://growth.ed.jp/list/maikodai/,34.6381495,135.0323408
3,垂水,保,舞多聞そらの保育園,舞多聞西6-1-3 　コミュセン1Fおよび年幼棟,785-6614,67,生後6か月,5歳児クラス,7時半,~18時半,8時,~16時,7時半,19時,○,https://soranohoikuen.com/,34.6701038,135.0524354
5,垂水,家,岩崎　赤ちゃんホーム,多聞台2,※,5,生後7週目～満1歳未満,2歳児クラス,-,-,8時,~16時,8時,18時半,,https://kobe-city.mamafre.jp/archives/facility/岩崎%e3%80%80赤ちゃんホーム/,34.66019477,135.0416149
5,垂水,家,赤ちゃんホームMoimoi,海岸通3-10　ジェネス海岸通101,※,5,生後7週目～満3歳未満,2歳児クラス,7時,~18時,8時,~16時,7時,20時,○,https://kobe-city.mamafre.jp/archives/facility/赤ちゃんホームmoimoi%ef%bc%88仮称%ef%bc%89/,34.628382,135.0496665
5,垂水,家,大塚　赤ちゃんホーム,千鳥が丘3-15-21,※,5,生後7週目～満1歳未満,0歳児クラス,-,-,8時,~16時,7時半,18時,,https://kobe-city.mamafre.jp/archives/facility/大塚%e3%80%80赤ちゃんホーム/,34.644501,135.05823
5,垂水,家,きたぐち　赤ちゃんホーム,舞子台6-19-3　第2明和ハイツ1F,※,5,生後7週目～満1歳未満,0歳児クラス,7時,~18時,8時,~16時,7時,18時,,https://kobe-city.mamafre.jp/archives/facility/きたぐち%e3%80%80赤ちゃんホーム/,34.639776,135.0328635
5,垂水,小,ちっちゃなこども園ふたば,舞多聞東2?6?9,784-5333,12,生後6か月～満3歳未満,2歳児クラス,7時半,~18時半,8時半,~16時半,7時半,18時半,○,http://children-cc.org/futaba-yotsuba/,34.663725,135.050517
5,垂水,小,本多聞小規模保育園,本多聞3-5-23-102,785-8020,12,生後6か月～満3歳未満,2歳児クラス,7時半,~18時半,8時,~16時,7時半,19時,○,https://hontamon.ayumikai-hoiku.com/,34.660998,135.0474165
5,垂水,小,青山台小規模保育園,青山台4-8-18　青山台モリビル2F,742-8636,12,"生後6か月～
満3歳未満",2歳児クラス,7時半,~18時半,8時,~16時,7時半,19時,○,https://aoyamadai.ayumikai-hoiku.com/,34.642647,135.071307
5,垂水,小,虹っこひろば,王居殿3-19-5,752-3282,12,"生後6か月～
満3歳未満",2歳児クラス,7時半,~18時半,9時,~17時,7時半,18時半,○,http://nijikko.kikirara.jp/wp/intro/,34.636455,135.0691695
5,垂水,小,小規模保育園　たるみ駅ナカ,神田町1-20　ＪＲ垂水駅（西口）構内,708-3600,19,"生後6か月～
満3歳未満",2歳児クラス,7時,~18時,8時,~16時,7時,19時,○,http://www.meishinkai-tarumi.jp/publics/index/17/,34.629174,135.05283
5,垂水,小,垂水駅前小規模保育園,神田町2-31　タケミカビル2Ｆ,754-6660,19,"生後6か月～
満3歳未満",2歳児クラス,7時半,~18時半,8時,~16時,7時,19時,○,https://tarumi.ayumikai-hoiku.com/,34.629732,135.0542385
5,垂水,小,つくし,星が丘2-1-65,709-5656,19,"生後6か月～
満3歳未満",2歳児クラス,7時半,~18時半,8時,~16時,7時半,18時半,○,http://kasumigaoka.ed.jp/tukushi.html,34.638678,135.049788
5,垂水,小,小規模保育園　CHES（チェス）,清水通3-10　シャルマンフジ神戸壱番館1F,754-7500,12,"生後6か月～
満3歳未満",2歳児クラス,7時半,~18時半,8時半,~16時半,7時半,19時,○,http://kobe-ches.jp/hoikuen.html,34.634079,135.059877
5,垂水,小,小規模保育園　さくら,舞子台6-20-20,747-0761,19,"生後6か月～
満3歳未満",2歳児クラス,7時,~18時,8時半,~16時半,7時,19時,○,https://kobe-city.mamafre.jp/archives/facility/小規模保育園さくら/,34.639713,135.031212
5,垂水,小,小規模保育園　KOBILS,桃山台4-4-13,766-6670,19,"生後6か月～
満3歳未満",2歳児クラス,7時半,~18時半,9時,~17時,7時半,18時半,○,https://kobils.ed.jp/小規模保育園/,34.65882,135.0828135
5,垂水,小,サテライト型小規模保育事業　花の森  ?,名谷町字大谷1905-7　アーバンヴィレッジ学園南2F,742-6090,12,"生後6か月～
満3歳未満",2歳児クラス,7時,~18時,8時半,~16時半,7時,19時,○,https://www.mikarikai.jp/s-hana,34.6644,135.0690705
5,垂水,小,キッズブライト・ナーサリー,天ノ下町10-5　シルバーウィリアムス1F,707-2620,12,"生後6か月～
満3歳未満",2歳児クラス,7時半,~18時半,8時半,~16時半,7時,19時,○,http://www.kidsbright.jp/kidsbrightnursery/,34.631334,135.0527715
5,垂水,小,小規模保育園　ちゃいるどるーむ,神陵台7-13-17,781-6016,15,"生後6か月～
満3歳未満",2歳児クラス,7時,~18時,8時,~16時,7時,19時,○,https://childroom.org/shinryoudai/,34.662969,135.0360585
5,垂水,小,舞多聞きらら保育園,舞多聞西5-1-6,787-7075,19,"生後6か月～
満3歳未満",2歳児クラス,7時半,~18時半,8時,~16時,7時,19時,○,https://futatsuka.co.jp/kirara,34.664796,135.048438
5,垂水,小,こぐまプリスクール舞子園,西舞子3-8-16　アビタシオン中津2Ｆ,787-7311,12,"生後6か月～
満3歳未満",2歳児クラス,7時半,~18時半,8時半,~16時半,7時,19時,○,http://ps.kogumakoguma.jp/,34.640586,135.028179
5,垂水,小,小規模保育園　りんご,舞子台6-20-20-2F,747-0776,19,"生後6か月～
満3歳未満",2歳児クラス,7時,~18時,8時半,~16時半,7時,19時,○,,34.639713,135.031212
5,垂水,小,小規模保育園　あんよ,小束山手2-2-1 BRANCH神戸学園都市1F,070-1787-7701,12,"生後6か月～
満3歳未満",2歳児クラス,7時半,~18時半,8時,~16時,7時,19時,○,https://babygarden-kobe.jimdofree.com/小規模保育園/,34.672662,135.0612225
5,垂水,小,サテライト型小規模保育事業　舞多聞もりの保育園　?,舞多聞西6-1-4,784-9395,19,"生後6か月～
満3歳未満",2歳児クラス,7時半,~18時半,8時,~16時,7時半,19時,○,https://morinohoikuen.com/,34.670106,135.052416
5,垂水,小,小規模保育園　CHES垂水駅前,天ノ下町9-8,709-2141,12,"生後6か月～
満3歳未満",2歳児クラス,7時半,~18時半,8時半,~16時半,7時半,19時,○,https://kobe-city.mamafre.jp/archives/facility/小規模保育園%e3%80%80ches垂水駅前/,34.630938,135.0529065
5,垂水,小,舞多聞小規模保育園　?,舞多聞東3-4-1,784-5520,9,"生後6か月～
満3歳未満",2歳児クラス,7時半,~18時半,8時,~16時,7時,19時,○,https://maitamon.ayumikai-hoiku.com/,34.664409,135.0509625
5,垂水,小,サテライト型小規模保育事業　多夢の森  ?,清水が丘3-4-6,783-3111,19,"生後6か月～
満3歳未満",2歳児クラス,7時,~18時,8時半,~16時半,7時,19時,○,https://www.mikarikai.jp/satellite-tamunomori#overview,34.651863,135.037584
5,垂水,小,サテライト型小規模保育事業　夢の森 ?,天ノ下町10-22,707-7722,19,"生後6か月～
満3歳未満",2歳児クラス,7時,~18時,8時半,~16時半,7時,19時,○,https://www.mikarikai.jp/satellite-yumenomori#overview,34.63207813,135.0519966
5,垂水,小,サテライト型小規模保育事業　上高丸  ?,天ノ下町10-22,707-7723,19,"生後6か月～
満3歳未満",2歳児クラス,7時,~18時,8時半,~16時半,7時,19時,○,https://www.mikarikai.jp/satellite-kamitakamaru#overview,34.63208214,135.0520014
5,垂水,小,ハートランド マリンきっず,平磯１丁目2-5,787-3310,15,"生後6か月～
満3歳未満",2歳児クラス,7時,~18時,8時半,~16時半,7時,19時,○,,34.628047,135.059028
5,垂水,小,小規模保育事業心の森,東舞子町10-1-303,781-0030,12,"生後6か月～
満3歳未満",2歳児クラス,7時,~18時,8時半,~16時半,7時,19時,○,,34.633702,135.034394
5,垂水,事,いるか保育園,学が丘1-19-8,781-2611,12　内地域枠4,"生後6か月～
満3歳未満",2歳児クラス,7時半,~18時半,9時,~17時,7時半,18時半,,http://www.aigran.jp/info/about.cgi?c=1-1231,34.654176,135.05202
5,垂水,事,オービーホームキッズ,名谷町字猿倉273-7　特別養護老人ホームオービーホーム新館1F,706-0017,12　内地域枠5,"生後7週目～
満3歳未満",2歳児クラス,7時,~18時,8時半,~16時半,7時,19時半,,http://www.obh2525.or.jp/service_news/obh_kids/post2921.html,34.65035364,135.0619777
5,垂水,事,ハートランド・きっず,舞子台7-3-8　有料老人ホーム／ハートランド舞子台4F,784-1212,30　内地域枠12,"生後7週目～
満3歳未満",2歳児クラス,7時,~18時,8時半,~16時半,7時,19時,○,https://www.m2-corporation.co.jp/school_guide/,34.639533,135.0380295
5,垂水,事,ヤクルトキッズスクール舞子かもめ保育園,舞子台2-9-10,647-7503,19　内地域枠5,"生後6か月～
満3歳未満",2歳児クラス,7時,~18時,8時半,~16時半,7時,19時,○,https://www.hyogo-yakult.jp/kids/,34.635357,135.034695
5,垂水,事,サンク・トレゾール,舞多聞東2-5-8,080-1502-4454,18　内地域枠15,"生後6か月～
満3歳未満",2歳児クラス,7時半,~18時半,8時半,~16時半,7時,19時,○,,34.663742,135.051156
4,西,幼こ,認定こども園　さくらんぼ幼稚園,桜が丘中町2-8-2,994-5225,*55,満1歳,5歳児クラス,7時半,~18時半,8時半,~16時半,7時,19時,○,http://www.k-sakuranbo.ed.jp/,34.747119,135.0568125
4,西,幼こ,認定こども園　いぶき幼稚園,井吹台東町4-19,997-0831,*70,2歳児クラス,5歳児クラス,7時半,~18時半,9時,~17時,7時,19時,,http://ibuki.genki-123.ed.jp/summary.php,34.703307,135.0397665
4,西,幼こ,学校法人有野台幼稚園　春日台幼稚園,春日台4-2,961-3000,*10,2歳児クラス,5歳児クラス,7時半,~18時半,9時,~17時,7時半,18時半,○,,34.7077,134.995753
4,西,連こ本,幼保連携型認定こども園　岩岡こども園,岩岡町岩岡1144-9,967-0301,*100,生後6か月,5歳児クラス,7時,~18時,8時半,~16時半,7時,19時,○,https://www.kobe-iwaoka.ed.jp/,34.722936,134.9502615
3,西,連こ分,分園,岩岡町岩岡1141-5,967-0346,40,生後6か月,5歳児クラス,7時,~18時,8時半,~16時半,7時,19時,○,,34.722869,134.950378
3,西,連こ分,竜が岡分園,竜が岡3-7-7,969-2510,45,生後6か月,5歳児クラス,7時,~18時,8時半,~16時半,7時,19時,,https://www.kobe-iwaoka.ed.jp/info/index2.html,34.712265,134.936052
4,西,連こ,幼保連携型認定こども園　おっこう山,神出町五百蔵142-400,965-1445,*90,生後6か月,5歳児クラス,7時,~18時,8時半,~16時半,7時,19時,○,http://www.okkouyama-fukushikai.or.jp/okkouyama/,34.761447,135.0214875
4,西,連こ,幼保連携型認定こども園　あさひ保育園,桜が丘東町1-3-1,994-0170,*240,生後6か月,5歳児クラス,7時,~18時,9時,~17時,7時,20時,○,https://hoiku-kobe.jp/asahi/,34.751358,135.0584415
4,西,連こ本,幼保連携型認定こども園　YMCA保育園,学園西町5-4,794-3901,*130,生後6か月,5歳児クラス,7時,~18時,8時半,~16時半,7時,19時,○,https://kobeymca.org/fukushikai/facility/ymcahoikuen/,34.683498,135.055557
3,西,連こ分,おひさま分園,学園西町7-2-1-101,794-4080,20,生後6か月,5歳児クラス,7時,~18時,8時半,~16時半,7時,19時,○,http://kobeymca.org/fukushikai/facility/ohisamahoikuen/,34.680159,135.0562095
4,西,連こ,幼保連携型認定こども園　なごみ保育園,伊川谷町上脇字平山952-1,978-0753,*90,生後6か月,5歳児クラス,7時,~18時,8時半,~16時半,7時,19時,○,http://www.kobe-wako.jp/nagomi/index.html,34.678261,135.023998
4,西,連こ,幼保連携型認定こども園　西神戸YMCA保育園,学園西町1-1-2,792-1011,*70,生後6か月,5歳児クラス,7時,~18時,8時半,~16時半,7時,19時,○,https://kobeymca.org/fukushikai/facility/nishikobehoikuen/,34.68060253,135.0581217
4,西,連こ,幼保連携型認定こども園　神戸潤和保育園,伊川谷町潤和1538-1,976-5700,*60,生後6か月,5歳児クラス,7時,~18時,8時,~16時,7時,19時,○,http://www.katsuhara.or.jp/publics/index/37/,34.659891,135.002655
4,西,連こ,幼保連携型認定こども園　神戸学園都市YMCAこども園　,学園東町2-1-3,791-2955,*80,生後6か月,5歳児クラス,7時,~18時,8時半,~16時半,7時,19時,○,https://kobeymca.org/fukushikai/facility/gakuenkodomoen/,34.683854,135.059311
4,西,連こ,認定こども園　ななほし保育園,池上1-13-11,976-7784,*60,生後6か月,5歳児クラス,7時半,~18時半,9時,~17時,7時,19時,○,http://suzurankids.ed.jp/nanahoshi/,34.67079,135.0284085
3,西,連こ,幼保連携型認定こども園　あい保育園,伊川谷町有瀬1137-8,974-5588,150,生後6か月,5歳児クラス,7時,~18時,8時半,~16時半,7時,19時,○,http://www.ai-hoiku.or.jp/,34.665336,135.0190575
4,西,連こ,幼保連携型認定こども園　あゆみ幼児園,糀台3-32-7,991-3100,*120,生後6か月,5歳児クラス,7時,~18時,8時半,~16時半,7時,20時,○,http://www.ayumi.or.jp/ayumiyoji/index.html,34.718913,135.024462
4,西,連こ本,幼保連携型認定こども園　同朋にこにこ園,井吹台西町4-6,996-1525,*170,生後6か月,5歳児クラス,7時,~18時,8時半,~16時半,7時,19時半,○,http://niconico.doho.or.jp/index.html,34.69302,135.021411
3,西,連こ分,分園なのはな,井吹台東町1-1,962-5068,18,生後6か月,5歳児クラス,7時,~18時,8時半,~16時半,7時,19時,○,http://niconico.doho.or.jp/information_bunen.html,34.700108,135.029726
4,西,連こ,幼保連携型認定こども園　わらべ保育園,宮下3-12-13,921-0740,*80,生後6か月,5歳児クラス,7時,~18時,8時,~16時,7時,19時,○,https://hoiku-kobe.jp/warabe/index.html,34.692462,134.9798265
4,西,連こ,幼保連携型認定こども園　有瀬幼稚園,伊川谷町有瀬854-1,974-4600,*104,生後6か月,5歳児クラス,7時,~18時,9時,~17時,7時,19時,○,http://www2.yamada.ed.jp/~yamada/arise/enter/,34.659819,135.019674
4,西,連こ,幼保連携型認定　弁天こども園,伊川谷町有瀬555,974-1750,*90,生後6か月,5歳児クラス,7時,~18時,9時,~17時,7時,19時,○,http://benten.ed.jp/,34.665363,135.025731
4,西,連こ,幼保連携型認定こども園　平野保育園,平野町芝崎298-1,961-0840,*150,生後6か月,5歳児クラス,7時,~18時,8時,~16時,7時,19時,○,https://hoiku-kobe.jp/hirano/,34.696269,134.9834715
4,西,連こ,幼保連携型認定こども園　竹の台保育園,竹の台2-20-2,992-0277,*150,生後6か月,5歳児クラス,7時,~18時,8時,~16時,7時,20時,○,http://www.takenodai-hoikuen.com/,34.71174,135.012132
4,西,連こ,幼保連携型認定こども園　つぐみ保育園,井吹台東町2-2-1,991-1456,*181,生後6か月,5歳児クラス,7時,~18時,8時半,~16時半,7時,19時,○,https://www.tsugumi.ed.jp/tsugumi/,34.69977,135.034065
4,西,連こ,幼保連携型認定こども園　ひまわりこども園,伊川谷町上脇24,978-0220,*110,生後6か月,5歳児クラス,7時,~18時,9時,~17時,7時,19時,○,http://himawari-nursery.com/,34.688088,135.039708
4,西,連こ,幼保連携型認定こども園　学園幼稚園,学園西町5-3-2,792-1122,*45,3歳児クラス,5歳児クラス,7時,~18時,9時,~17時,7時,19時,○,http://www2.yamada.ed.jp/~yamada/gakuen/enter/,34.683669,135.0561015
4,西,連こ,幼保連携型認定こども園　桑ノ木幼稚園,竹の台2-10-1,991-4788,*150,生後6か月,5歳児クラス,7時半,~18時半,8時半,~16時半,7時,19時,,http://www.kuwanoki.ed.jp/index.html,34.712424,135.0135765
4,西,連こ,幼保連携型認定こども園　西神戸ＹＭＣＡ幼稚園,井吹台西町4-5,997-7705,*40,3歳児クラス,5歳児クラス,7時半,~18時半,8時,~16時,7時,19時,,https://www.kobeymca.org/nishikobeyochien/index.html,34.692901,135.021903
4,西,連こ本,幼保連携型認定こども園　出合保育園,玉津町出合224-2,927-6608,*117,生後6か月,5歳児クラス,7時,~18時,8時半,~16時半,7時,19時,○,http://deai-fukushikai.com/deai/index.html,34.674597,134.980227
3,西,連こ分,分園,王塚台7-13-8,921-0888,33,生後6か月,5歳児クラス,7時,~18時,8時半,~16時半,7時,19時,○,https://kobe-city.mamafre.jp/archives/facility/仮称出合保育園%e3%80%80分園/,34.674102,134.980281
4,西,連こ,幼保連携型認定こども園　持子保育園,持子3-114,927-8713,*80,生後6か月,5歳児クラス,7時,~18時,9時,~17時,7時,19時,○,http://hoiku.mochiko.info/,34.671708,134.9837325
3,西,連こ,幼保連携型認定こども園　枦谷つぐみ保育園,櫨谷町池谷357-1,990-0293,60,生後6か月,5歳児クラス,7時,~18時,8時半,~16時半,7時,19時,○,https://www.tsugumi.ed.jp/hasetani_tsugumi/,34.708554,135.021555
3,西,連こ本,幼保連携型認定こども園　井吹北つぐみ保育園,井吹台北町1-18,996-0293,60,生後6か月,5歳児クラス,7時,~18時,8時半,~16時半,7時,19時,○,https://www.tsugumi.ed.jp/ibukikita_tsugumi/,34.702588,135.029838
3,西,連こ分,分園,井吹台北町2-17-15,991-0293,20,生後6か月,5歳児クラス,7時,~18時,8時半,~16時半,7時,19時,○,https://kobe-city.mamafre.jp/archives/facility/井吹北つぐみ保育園%e3%80%80分園/,34.706466,135.032355
3,西,連こ,幼保連携型認定こども園　まゆか保育園,北別府4-10-1,975-7722,150,生後6か月,5歳児クラス,7時,~18時,8時,~16時,18時,19時,○,https://mayuka-hoiku.jp/,34.672887,135.011232
4,西,連こ,幼保連携型認定こども園　神出保育園,神出町田井寺垣内401-1,965-1351,*70,生後6か月,5歳児クラス,7時,~18時,8時半,~16時半,7時,18時半,○,http://www.kande-hoikuen.ed.jp/,34.746083,134.986584
3,西,連こ,幼保連携型認定こども園　カナリアこども園,井吹台西町8-1-2,990-3033,70,生後6か月,5歳児クラス,7時半,~18時半,8時半,~16時半,7時,19時,○,,34.69921996,135.0261667
4,西,連こ,幼保連携型認定こども園　いりえ幼稚園,狩場台3丁目６番地４,992-0700,*42,生後6か月,5歳児クラス,7時,~18時,9時,~17時,7時,19時,○,,34.723218,135.031729
3,西,公保,玉津保育所,玉津町新方字東方211-3,911-4909,120,生後6か月,5歳児クラス,7時半,~18時半,8時半,~16時半,7時,18時半,,https://kobe-city.mamafre.jp/archives/facility/玉津保育所/,34.660872,134.991066
3,西,公保,押部谷保育所,美穂が丘1-1,994-3622,126,生後6か月,5歳児クラス,7時半,~18時半,8時半,~16時半,7時,18時半,,https://kobe-city.mamafre.jp/archives/facility/押部谷保育所/,34.75746,135.042597
3,西,公保,王塚台保育所,王塚台5-115,927-9551,120,生後6か月,5歳児クラス,7時半,~18時半,8時半,~16時半,7時,19時,○,https://kobe-city.mamafre.jp/archives/facility/王塚台保育所/,34.673499,134.9757315
3,西,保,日輪寺保育園,玉津町小山561-1,928-0975,120,生後6か月,5歳児クラス,7時,~18時,8時,~16時,7時,18時半,○,https://hoiku-kobe.jp/nichirinji/,34.687872,134.9885655
3,西,保,美賀多保育園,美賀多台3-13-1,961-0940,210,生後6か月,5歳児クラス,7時,~18時,8時半,~16時半,7時,20時,○,http://hirano.or.jp/mikatahoikuen/index.html,34.718058,135.0061065
3,西,保本,なかよし保育園,和井取5-17,975-6840,100,生後6か月,5歳児クラス,7時,~18時,8時半,~16時半,7時,19時,○,https://kobe-city.mamafre.jp/archives/facility/なかよし保育園/,34.674327,135.0004185
3,西,保分,ふれんど分園,玉津町高津橋214-3,911-7060,20,生後6か月,5歳児クラス,-,-,8時半,~16時半,7時半,18時,○,https://kobe-city.mamafre.jp/archives/facility/なかよし保育園%e3%80%80ふれんど分園/,34.670331,134.9923185
3,西,保,あおぞら保育園,水谷2-25-24,918-6860,130,生後6か月,5歳児クラス,7時,~18時,8時,~16時,7時,19時,○,http://www.kibo-aozora.com/gaiyo.html,34.676037,134.993871
3,西,保,枝吉保育所,枝吉4-26,927-5953,120,生後6か月,5歳児クラス,7時,~18時,9時,~17時,7時,19時,○,https://www.oota-hoikuen.or.jp/edayoshi/,34.667415,134.9744175
3,西,保,こばとキンダーガーデン,丸塚1-26-17,924-5686,49,生後6か月,5歳児クラス,7時半,~18時半,8時半,~16時半,7時半,19時,○,https://yumegakuen.com/about_kobato/,34.68258,134.987436
5,西,家,山本　赤ちゃんホーム,今寺,※,5,"生後7週目～
満1歳未満",0歳児クラス,-,-,8時,~16時,8時,17時半,,https://kobe-city.mamafre.jp/archives/nursery/山本%e3%80%80赤ちゃんホーム/,34.66708501,135.0223731
5,西,家,こりす赤ちゃんホーム,井吹台西町3,※,5,"生後7週目～
満2歳未満",1歳児クラス,-,-,8時,~16時,8時,17時半,,https://www.korisubaby.com/,34.69447902,135.0273088
5,西,小,西神中央エンゼルホーム,糀台5-5-1　イル・グラッツォ共用棟2F,997-6693,19,"生後6か月～
満3歳未満",2歳児クラス,7時,~18時,9時,~17時,7時,20時,○,https://angelhome-seishin.com/,34.721451,135.017937
5,西,小,ＹＭＣＡちとせ保育ルーム,学園西町4-1　留学生会館1Ｆ,786-3821,12,"1歳児クラス～
満3歳未満",2歳児クラス,7時半,~18時半,8時半,~16時半,7時,19時,○,https://sites.google.com/a/kobeymca.org/chitose-hoiku-room/home/outline,34.683858,135.0497475
5,西,小,学園都市駅前小規模保育園,学園西町1-1-1　ユニバープラザ1F,795-9003,12,"生後6か月～
満3歳未満",2歳児クラス,7時半,~18時半,8時,~16時,7時,19時,○,https://gakuentoshi.ayumikai-hoiku.com/?_ga=2.82803091.481654341.1600848338-1133115669.1600848338,34.680887,135.057407
5,西,小,小規模保育園ふわり池上,池上3-3-2　JAアクト池上ビル2F,915-7183,12,"生後6か月～
満3歳未満",2歳児クラス,7時,~18時,8時,~16時,7時,19時,○,https://www.huwari-ikegami.com/,34.671969,135.0239355
5,西,小,小規模保育　つぐみHouse,井吹台東町1-1-1　西神南センタービル2F,997-7293,19,"生後6か月～
満3歳未満",2歳児クラス,7時半,~18時半,8時半,~16時半,7時半,18時半,,https://www.tsugumi.ed.jp/tsugumi_house/,34.700184,135.030591
5,西,小,キッズパートナー狩場台,狩場台3-9ー15　かりばプラザ内,990-1511,19,"生後6か月～
満3歳未満",2歳児クラス,7時,~18時,8時半,~16時半,7時,19時,○,https://www.care-partner.com/service/childcare/karibadai/,34.72038,135.032355
5,西,小,小規模保育園　ちゃいるどるーむ白水,白水2-3-15,976-6623,19,"生後6か月～
満3歳未満",2歳児クラス,7時,~18時,8時,~16時,7時,19時,○,https://childroom.org/shiramizu/,34.669683,135.0065205
5,西,小,おひさまぴっぴ,竹の台2-1-35,220-9154,9,"生後6か月～
満3歳未満",2歳児クラス,7時半,~18時半,9時,~17時,7時半,19時,○,https://kobe-city.mamafre.jp/archives/facility/仮称おひさまぴっぴ/,34.712757,135.013995
5,西,小,学園みどりこども園,学園西町1-3-2,795-6066,12,"生後6か月～
満3歳未満",2歳児クラス,7時,~18時,8時,~16時,7時,19時,○,https://kobe-city.mamafre.jp/archives/facility/学園みどりこども園/,34.682391,135.057366
5,西,小,西神南こりす小規模保育園,井吹台東町1-1-1 西神南センタービル1Ｆ,940-6368,19,"生後6か月～
満3歳未満",2歳児クラス,7時半,~18時半,8時半,~16時半,7時半,19時,,https://www.korisubaby.com/,34.699763,135.031803
5,西,小,みかた駅前園,糀台5-10-2　西神センタービル2Ｆ,992-0200,19,"生後6か月～
満3歳未満",2歳児クラス,7時半,~18時半,9時,~17時,7時半,18時半,○,https://kobe-city.mamafre.jp/archives/facility/みかた駅前園/,34.719912,135.0166365
5,西,小,学園都市YMCA保育ルーム,学園東町2-1-3,794-3045,12,"1歳児クラス～
満3歳未満",2歳児クラス,7時,~18時,8時半,~16時半,7時,19時,○,,34.683854,135.059311
5,西,小,学校法人山田学園がくえん保育園  ?,学園東町5-2,793-2700,12,1歳児クラス,2歳児クラス,7時半,~18時半,9時,~17時,7時半,18時半,○,,34.682554,135.066048
5,西,事,ひかりのくれよん,見津が丘3-8-5,998-0850,19　内地域枠5,"生後6か月～
満3歳未満",2歳児クラス,8時,~19時,8時,~16時,8時,19時,,https://kobe-city.mamafre.jp/archives/facility/ひかりのくれよん/,34.739919,135.080091
5,西,事,事業所内保育事業　みどり保育園,枝吉4-172-3,920-0201,12　内地域枠4,"生後6か月～
満3歳未満",2歳児クラス,8時,~19時,8時,~16時,7時,20時,○,https://kobe-city.mamafre.jp/archives/facility/事業所内保育事業%e3%80%80みどり保育園/,34.666503,134.97589
5,西,事,ヤクルトキッズスクール西神戸,南別府4-368-1 　和幸ビル1F,962-5711,19　内地域枠5,"生後6か月～
満3歳未満",2歳児クラス,7時,~18時,8時,~16時,7時,19時,○,https://kobe-city.mamafre.jp/archives/facility/仮称ヤクルトキッズスクール西神/,34.670745,135.0136485
5,西,事,保育所かたつむりランド　神戸枝吉園,枝吉2-110-2,927-3622,17　内地域枠5,"生後6か月～
満3歳未満",2歳児クラス,7時,~18時,8時,~16時,7時,19時,○,https://kobe-city.mamafre.jp/archives/facility/保育所かたつむりランド%e3%80%80神戸枝吉園/,34.664868,134.9788815
5,西,事,大慈さくら保育園,玉津町今津364-61,913-0020,12　内地域枠4,"生後6か月～
満3歳未満",2歳児クラス,7時,~18時,8時半,~16時半,7時,19時,○,https://kobe-city.mamafre.jp/archives/facility/大慈さくら保育園/,34.677846,134.9933535
